text,zone_id,parameter,direction,intensity,source
it's blasting air everywhere in here,UNSPECIFIED,airflow,decrease,strong,template_train
it's unbearably hot again in here,UNSPECIFIED,temperature,decrease,strong,template_train
"please fix the dining room, it's colder than I'd like",zone_common,temperature,increase,moderate,template_train
it is too cold in the dining area,zone_common,temperature,increase,moderate,template_train
now it's quite hot,UNSPECIFIED,temperature,decrease,moderate,template_train
the lobby is swampy,zone_common,humidity,decrease,strong,template_train
it is way too dry in the bath,zone_bathroom,humidity,increase,strong,template_train
the guest room is slightly stale,zone_bedroom,airflow,increase,mild,template_train
it's been not enough air moving in the bed room all day,zone_bedroom,airflow,increase,moderate,template_train
we're sitting in the master bedroom and it's sweltering,zone_bedroom,temperature,decrease,strong,template_train
it is a little clammy in the sitting room,zone_living,humidity,decrease,mild,template_train
we're sitting in the bedroom and it's swampy,zone_bedroom,humidity,decrease,strong,template_train
now it's slightly dry,UNSPECIFIED,humidity,increase,mild,template_train
it is freezing in the kitchen,zone_kitchen,temperature,increase,strong,template_train
it's blasting air everywhere again in here,UNSPECIFIED,airflow,decrease,strong,template_train
completely airless in the work room again,zone_office,airflow,increase,strong,template_train
it's slightly dry,UNSPECIFIED,humidity,increase,mild,template_train
"please fix teh bathroom, it's slightly breezy",zone_bathroom,airflow,decrease,mild,template_train
"can you do something about the bedroom, it's suffocating",zone_bedroom,airflow,increase,strong,template_train
way more than that,UNSPECIFIED,UNSPECIFIED,UNSPECIFIED,strong,template_train
it's too hot in here,UNSPECIFIED,temperature,decrease,moderate,template_train
it's dripping with humidity,UNSPECIFIED,humidity,decrease,strong,template_train
the study is a little clammy,zone_office,humidity,decrease,mild,template_train
it's freezing in here,UNSPECIFIED,temperature,increase,strong,template_train
it's swampy,UNSPECIFIED,humidity,decrease,strong,template_train
"can you do something about the kitchen, it's slightly warm",zone_kitchen,temperature,decrease,mild,template_train
the master bedroom is slightly dry,zone_bedroom,humidity,increase,mild,template_train
it is too stuffy in the kitchen,zone_kitchen,airflow,increase,moderate,template_train
more,UNSPECIFIED,UNSPECIFIED,UNSPECIFIED,moderate,template_train
slightly warm in the mud room again,zone_common,temperature,decrease,mild,template_train
"can you do something about the front room, it's dry",zone_living,humidity,increase,moderate,template_train
"please fix the bathroom, it's too stuffy",zone_bathroom,airflow,increase,moderate,template_train
we're sitting in the bathroom and it's like an icebox,zone_bathroom,temperature,increase,strong,template_train
"please fix the kitchen, it's dry",zone_kitchen,humidity,increase,moderate,template_train
bed room is way too dry,zone_bedroom,humidity,increase,strong,template_train
a bit more please,UNSPECIFIED,UNSPECIFIED,UNSPECIFIED,mild,template_train
it's been humid in the guest room all day,zone_bedroom,humidity,decrease,moderate,template_train
"can you do something about the kitchen, it's not enough air moving",zone_kitchen,airflow,increase,moderate,template_train
work room is dry,zone_office,humidity,increase,moderate,template_train
it's been too stuffy in the study room all day,zone_office,airflow,increase,moderate,template_train
washroom is slightly warm,zone_bathroom,temperature,decrease,mild,template_train
we're sitting in the bedroom and it's completely airless,zone_bedroom,airflow,increase,strong,template_train
it's slightly stale in here,UNSPECIFIED,airflow,increase,mild,template_train
slightly dry in the drawing hall again,zone_living,humidity,increase,mild,template_train
"please fix the kitchen, it's way too cold",zone_kitchen,temperature,increase,strong,template_train
it is way too hot in the game room,zone_living,temperature,decrease,strong,template_train
mud room is sweltering,zone_common,temperature,decrease,strong,template_train
it's a touch stuffy and warm again in here,UNSPECIFIED,temperature,decrease,mild,template_train
honestly it's just slightly breezy,UNSPECIFIED,airflow,decrease,mild,template_train
we're sitting in the bath and it's suffocating,zone_bathroom,airflow,increase,strong,template_train
it's dripping with humidity again in here,UNSPECIFIED,humidity,decrease,strong,template_train
it's been too cold in the kitchen all day,zone_kitchen,temperature,increase,moderate,template_train
"please fix the kitchen, it's slightly breezy",zone_kitchen,airflow,decrease,mild,template_train
still so dry my throat hurts,UNSPECIFIED,humidity,increase,strong,template_train
its way too hot in here,UNSPECIFIED,temperature,decrease,strong,template_train
just a touch,UNSPECIFIED,UNSPECIFIED,UNSPECIFIED,mild,template_train
it's dripping with humidity in here,UNSPECIFIED,humidity,decrease,strong,template_train
"please fix the master bedroom, it's quite cold",zone_bedroom,temperature,increase,moderate,template_train
getting completely airless,UNSPECIFIED,airflow,increase,strong,template_train
we're sitting in the kitchen and it's sticky,zone_kitchen,humidity,decrease,moderate,template_train
honestly it's just colder than I'd like,UNSPECIFIED,temperature,increase,moderate,template_train
a bit chilly in the study room again,zone_office,temperature,increase,mild,template_train
the my son's room is boiling,zone_bedroom,temperature,decrease,strong,template_train
it's drafty in here,UNSPECIFIED,airflow,decrease,moderate,template_train
"please fix the bedroom, it's a little clammy",zone_bedroom,humidity,decrease,mild,template_train
still slightly dry,UNSPECIFIED,humidity,increase,mild,template_train
it is so dry my throat hurts in the sitting room,zone_living,humidity,increase,strong,template_train
we're sitting in the den and it's way too cold,zone_living,temperature,increase,strong,template_train
the work room is too stuffy,zone_office,airflow,increase,moderate,template_train
"please fix the study, it's like an icebox",zone_office,temperature,increase,strong,template_train
"please fix the mud room, it's suffocating",zone_common,airflow,increase,strong,template_train
still warmer than I'd like,UNSPECIFIED,temperature,decrease,moderate,template_train
it is slightly dry in the study room,zone_office,humidity,increase,mild,template_train
still too stuffy,UNSPECIFIED,airflow,increase,moderate,template_train
"please fix the master bedroom, it's slightly breezy",zone_bedroom,airflow,decrease,mild,template_train
it is like a wind tunnel in the study room,zone_office,airflow,decrease,strong,template_train
muggy in the dining area again,zone_common,humidity,decrease,moderate,template_train
it is slightly stale in the dining area,zone_common,airflow,increase,mild,template_train
honestly it's just unbearably muggy,UNSPECIFIED,humidity,decrease,strong,template_train
it is a bit humid in the kitchen,zone_kitchen,humidity,decrease,mild,template_train
washroom is slightly breezy,zone_bathroom,airflow,decrease,mild,template_train
"can you do something about the drawing hall, its boiling",zone_living,temperature,decrease,strong,template_train
"please fix the guest room, it's unbearably muggy",zone_bedroom,humidity,decrease,strong,template_train
it is boiling in the hallway,zone_common,temperature,decrease,strong,template_train
slightly warm in the bath again,zone_bathroom,temperature,decrease,mild,template_train
study is quite hot,zone_office,temperature,decrease,moderate,template_train
it is a bit chilly in the study,zone_office,temperature,increase,mild,template_train
"please fix the bath, it's a little clammy",zone_bathroom,humidity,decrease,mild,template_train
"please fix the my son's room, it's too hot",zone_bedroom,temperature,decrease,moderate,template_train
still a little too warm,UNSPECIFIED,temperature,decrease,mild,template_train
it is a bit chilly in the drawing hall,zone_living,temperature,increase,mild,template_train
it's been airless in the lobby all day,zone_common,airflow,increase,moderate,template_train
"can you do something about the study, it's slightly dry",zone_office,humidity,increase,mild,template_train
still slightly stale,UNSPECIFIED,airflow,increase,mild,template_train
"can you do something about the my son's room, its way too dry",zone_bedroom,humidity,increase,strong,template_train
getting a little clammy,UNSPECIFIED,humidity,decrease,mild,template_train
quite cold in the kitchen again,zone_kitchen,temperature,increase,moderate,template_train
it is slightly dry in the study,zone_office,humidity,increase,mild,template_train
a lot more,UNSPECIFIED,UNSPECIFIED,UNSPECIFIED,strong,template_train
we're sitting in teh bedroom and it's a little clammy,zone_bedroom,humidity,decrease,mild,template_train
"can you do something about teh kitchen, it's drafty",zone_kitchen,airflow,decrease,moderate,template_train
it's a little too warm,UNSPECIFIED,temperature,decrease,mild,template_train
"please fix the kitchen, it's unbearably muggy",zone_kitchen,humidity,decrease,strong,template_train
it's slightly dry again in here,UNSPECIFIED,humidity,increase,mild,template_train
we're sitting in the front room and it's really dry,zone_living,humidity,increase,moderate,template_train
its a little clammy again in here,UNSPECIFIED,humidity,decrease,mild,template_train
it's way too hot in here,UNSPECIFIED,temperature,decrease,strong,template_train
getting suffocating,UNSPECIFIED,airflow,increase,strong,template_train
still muggy,UNSPECIFIED,humidity,decrease,moderate,template_train
it's airless again in here,UNSPECIFIED,airflow,increase,moderate,template_train
it is muggy in the drawing hall,zone_living,humidity,decrease,moderate,template_train
unbearably muggy in the study again,zone_office,humidity,decrease,strong,template_train
"can you do something about the washroom, it's too drafty",zone_bathroom,airflow,decrease,moderate,template_train
"can you do something about the dining room, it's humid",zone_common,humidity,decrease,moderate,template_train
getting really dry,UNSPECIFIED,humidity,increase,moderate,template_train
it's really dry again in here,UNSPECIFIED,humidity,increase,moderate,template_train
getting dry,UNSPECIFIED,humidity,increase,moderate,template_train
honestly it's just a touch stuffy and warm,UNSPECIFIED,temperature,decrease,mild,template_train
getting way too dry,UNSPECIFIED,humidity,increase,strong,template_train
it's humid,UNSPECIFIED,humidity,decrease,moderate,template_train
honestly it's just slightly dry,UNSPECIFIED,humidity,increase,mild,template_train
still not enough,UNSPECIFIED,UNSPECIFIED,UNSPECIFIED,moderate,template_train
dripping with humidity in the hallway again,zone_common,humidity,decrease,strong,template_train
we're sitting in the bath and it's a bit chilly,zone_bathroom,temperature,increase,mild,template_train
getting slightly stale,UNSPECIFIED,airflow,increase,mild,template_train
study is a little clammy,zone_office,humidity,decrease,mild,template_train
it is swampy in the kitchen,zone_kitchen,humidity,decrease,strong,template_train
my son's room is a bit chilly,zone_bedroom,temperature,increase,mild,template_train
it's been quite hot in the lobby all day,zone_common,temperature,decrease,moderate,template_train
slightly stale in the kitchen again,zone_kitchen,airflow,increase,mild,template_train
it's quite cold again in here,UNSPECIFIED,temperature,increase,moderate,template_train
it's been way too cold in the sitting room all day,zone_living,temperature,increase,strong,template_train
getting a touch cold,UNSPECIFIED,temperature,increase,mild,template_train
it's slightly dry in here,UNSPECIFIED,humidity,increase,mild,template_train
still slightly warm,UNSPECIFIED,temperature,decrease,mild,template_train
dripping with humidity in the guest room again,zone_bedroom,humidity,decrease,strong,template_train
the my room is a bit chilly,zone_bedroom,temperature,increase,mild,template_train
the kitchen is slightly dry,zone_kitchen,humidity,increase,mild,template_train
it's been a little cold in the bedroom all day,zone_bedroom,temperature,increase,mild,template_train
the dining room is quite cold,zone_common,temperature,increase,moderate,template_train
it is like an icebox in the kitchen,zone_kitchen,temperature,increase,strong,template_train
it's a little clammy again in here,UNSPECIFIED,humidity,decrease,mild,template_train
colder than I'd like in the hallway again,zone_common,temperature,increase,moderate,template_train
"please fix the kitchen, it's like a wind tunnel",zone_kitchen,airflow,decrease,strong,template_train
it is too drafty in the kitchen,zone_kitchen,airflow,decrease,moderate,template_train
the mud room is way too cold,zone_common,temperature,increase,strong,template_train
it's way too cold in here,UNSPECIFIED,temperature,increase,strong,template_train
now it's a little clammy,UNSPECIFIED,humidity,decrease,mild,template_train
"can you do something about the den, it's blasting air everywhere",zone_living,airflow,decrease,strong,template_train
"can you do something about the kitchen, it's slightly breezy",zone_kitchen,airflow,decrease,mild,template_train
it's way too dry in here,UNSPECIFIED,humidity,increase,strong,template_train
honestly it's just quite hot,UNSPECIFIED,temperature,decrease,moderate,template_train
it's too hot again in here,UNSPECIFIED,temperature,decrease,moderate,template_train
still slightly breezy,UNSPECIFIED,airflow,decrease,mild,template_train
"please fix the bathroom, it's dripping with humidity",zone_bathroom,humidity,decrease,strong,template_train
it's been a touch cold in the front room all day,zone_living,temperature,increase,mild,template_train
it's absolutely freezing again in here,UNSPECIFIED,temperature,increase,strong,template_train
it is suffocating in the guest room,zone_bedroom,airflow,increase,strong,template_train
it's been quite hot in the bath all day,zone_bathroom,temperature,decrease,moderate,template_train
it is colder than I'd like in the sitting room,zone_living,temperature,increase,moderate,template_train
it's slightly breezy in here,UNSPECIFIED,airflow,decrease,mild,template_train
"please fix the study, it's slightly stale",zone_office,airflow,increase,mild,template_train
"please fix the drawing hall, it's slightly breezy",zone_living,airflow,decrease,mild,template_train
the kitchen is slightly breezy,zone_kitchen,airflow,decrease,mild,template_train
it is slightly dry in the dining room,zone_common,humidity,increase,mild,template_train
too drafty in the den again,zone_living,airflow,decrease,moderate,template_train
it's been so dry my throat hurts in the study room all day,zone_office,humidity,increase,strong,template_train
it's been a bit chilly in the den all day,zone_living,temperature,increase,mild,template_train
it's so dry my throat hurts,UNSPECIFIED,humidity,increase,strong,template_train
honestly it's just so dry my throat hurts,UNSPECIFIED,humidity,increase,strong,template_train
"can you do something about the guest room, it's quite cold",zone_bedroom,temperature,increase,moderate,template_train
it's so dry my throat hurts in here,UNSPECIFIED,humidity,increase,strong,template_train
we're sitting in the my son's room and it's way too dry,zone_bedroom,humidity,increase,strong,template_train
"please fix the game room, it's a little too warm",zone_living,temperature,decrease,mild,template_train
"can you do something about the study, it's completely airless",zone_office,airflow,increase,strong,template_train
we're sitting in the study and it's slightly breezy,zone_office,airflow,decrease,mild,template_train
it is slightly dry in teh game room,zone_living,humidity,increase,mild,template_train
"can you do something about the study room, it's windy",zone_office,airflow,decrease,moderate,template_train
a little too warm in the kitchen again,zone_kitchen,temperature,decrease,mild,template_train
it's really dry in here,UNSPECIFIED,humidity,increase,moderate,template_train
"please fix the study, it's too drafty",zone_office,airflow,decrease,moderate,template_train
it is quite cold in the kitchen,zone_kitchen,temperature,increase,moderate,template_train
muggy in the bathroom again,zone_bathroom,humidity,decrease,moderate,template_train
it's been like a wind tunnel in the dining room all day,zone_common,airflow,decrease,strong,template_train
freezing in the bed room again,zone_bedroom,temperature,increase,strong,template_train
it's slightly breezy again in here,UNSPECIFIED,airflow,decrease,mild,template_train
now it's a little too warm,UNSPECIFIED,temperature,decrease,mild,template_train
still a bit humid,UNSPECIFIED,humidity,decrease,mild,template_train
it is windy in the lobby,zone_common,airflow,decrease,moderate,template_train
"can you do something about the guest room, it's unbearably muggy",zone_bedroom,humidity,decrease,strong,template_train
"please fix the sitting room, its quite cold",zone_living,temperature,increase,moderate,template_train
it's unbearably muggy again in here,UNSPECIFIED,humidity,decrease,strong,template_train
"please fix the kitchen, it's humid",zone_kitchen,humidity,decrease,moderate,template_train
"please fix the front room, it's completely airless",zone_living,airflow,increase,strong,template_train
the living room is suffocating,zone_living,airflow,increase,strong,template_train
we're sitting in the kitchen and it's too cold,zone_kitchen,temperature,increase,moderate,template_train
the bathroom is colder than I'd like,zone_bathroom,temperature,increase,moderate,template_train
the drawing hall is too hot,zone_living,temperature,decrease,moderate,template_train
getting too hot,UNSPECIFIED,temperature,decrease,moderate,template_train
honestly it's just dry,UNSPECIFIED,humidity,increase,moderate,template_train
it's been so dry my throat hurts in the dining room all day,zone_common,humidity,increase,strong,template_train
mud room is slightly stale,zone_common,airflow,increase,mild,template_train
suffocating in the work room again,zone_office,airflow,increase,strong,template_train
it's completely airless in here,UNSPECIFIED,airflow,increase,strong,template_train
"can you do something about the sitting room, it's unbearably muggy",zone_living,humidity,decrease,strong,template_train
"please fix the bed room, it's slightly breezy",zone_bedroom,airflow,decrease,mild,template_train
a touch stuffy and warm in the mud room again,zone_common,temperature,decrease,mild,template_train
"can you do something about the lobby, it's like a wind tunnel",zone_common,airflow,decrease,strong,template_train
it is quite hot in the washroom,zone_bathroom,temperature,decrease,moderate,template_train
it is slightly stale in the bath,zone_bathroom,airflow,increase,mild,template_train
we're sitting in the bathroom and it's a bit humid,zone_bathroom,humidity,decrease,mild,template_train
it's sticky again in here,UNSPECIFIED,humidity,decrease,moderate,template_train
the dining area is slightly stale,zone_common,airflow,increase,mild,template_train
it's too hot,UNSPECIFIED,temperature,decrease,moderate,template_train
it is way too hot in the lounge,zone_living,temperature,decrease,strong,template_train
lobby is slightly stale,zone_common,airflow,increase,mild,template_train
it's been unbearably muggy in the kitchen all day,zone_kitchen,humidity,decrease,strong,template_train
"please fix the study, its suffocating",zone_office,airflow,increase,strong,template_train
still dry,UNSPECIFIED,humidity,increase,moderate,template_train
game room is absolutely freezing,zone_living,temperature,increase,strong,template_train
getting dripping with humidity,UNSPECIFIED,humidity,decrease,strong,template_train
a bit humid in the mud room again,zone_common,humidity,decrease,mild,template_train
it's sweltering,UNSPECIFIED,temperature,decrease,strong,template_train
we're sitting in the bathroom and it's a little too warm,zone_bathroom,temperature,decrease,mild,template_train
it's been completely airless in the hallway all day,zone_common,airflow,increase,strong,template_train
it's completely airless,UNSPECIFIED,airflow,increase,strong,template_train
we're sitting in the guest room and it's unbearably muggy,zone_bedroom,humidity,decrease,strong,template_train
the study is way too dry,zone_office,humidity,increase,strong,template_train
it is a little cold in teh study room,zone_office,temperature,increase,mild,template_train
front room is dripping with humidity,zone_living,humidity,decrease,strong,template_train
now it's too drafty,UNSPECIFIED,airflow,decrease,moderate,template_train
kitchen is quite hot,zone_kitchen,temperature,decrease,moderate,template_train
bed room is a little clammy,zone_bedroom,humidity,decrease,mild,template_train
a little clammy in the work room again,zone_office,humidity,decrease,mild,template_train
it's like an icebox again in here,UNSPECIFIED,temperature,increase,strong,template_train
"can you do something about the master bedroom, it's boiling",zone_bedroom,temperature,decrease,strong,template_train
the kitchen is boiling,zone_kitchen,temperature,decrease,strong,template_train
it's been completely airless in the living room all day,zone_living,airflow,increase,strong,template_train
now it's dry,UNSPECIFIED,humidity,increase,moderate,template_train
it's way too hot again in here,UNSPECIFIED,temperature,decrease,strong,template_train
slightly breezy in the my room again,zone_bedroom,airflow,decrease,mild,template_train
"can you do something about the kitchen, it's like an icebox",zone_kitchen,temperature,increase,strong,template_train
getting a little too warm,UNSPECIFIED,temperature,decrease,mild,template_train
it is humid in the kitchen,zone_kitchen,humidity,decrease,moderate,template_train
it is way too dry in the bedroom,zone_bedroom,humidity,increase,strong,template_train
we're sitting in the bath and it's warmer than I'd like,zone_bathroom,temperature,decrease,moderate,template_train
we're sitting in the bedroom and it's dry,zone_bedroom,humidity,increase,moderate,template_train
"please fix the bathroom, it's suffocating",zone_bathroom,airflow,increase,strong,template_train
now it's a bit humid,UNSPECIFIED,humidity,decrease,mild,template_train
it is so dry my throat hurts in the kitchen,zone_kitchen,humidity,increase,strong,template_train
it is completely airless in the dining area,zone_common,airflow,increase,strong,template_train
it's drafty,UNSPECIFIED,airflow,decrease,moderate,template_train
the study is quite cold,zone_office,temperature,increase,moderate,template_train
we're sitting in teh bedroom and it's slightly breezy,zone_bedroom,airflow,decrease,mild,template_train
it's too cold in here,UNSPECIFIED,temperature,increase,moderate,template_train
"can you do something about the kitchen, it's unbearably muggy",zone_kitchen,humidity,decrease,strong,template_train
it's airless in here,UNSPECIFIED,airflow,increase,moderate,template_train
"please fix the bathroom, it's really dry",zone_bathroom,humidity,increase,moderate,template_train
getting quite hot,UNSPECIFIED,temperature,decrease,moderate,template_train
the front room is unbearably muggy,zone_living,humidity,decrease,strong,template_train
we're sitting in the washroom and it's unbearably muggy,zone_bathroom,humidity,decrease,strong,template_train
we're sitting in the dining room and it's swampy,zone_common,humidity,decrease,strong,template_train
it's been a bit chilly in the washroom all day,zone_bathroom,temperature,increase,mild,template_train
honestly it's just too drafty,UNSPECIFIED,airflow,decrease,moderate,template_train
a touch stuffy and warm in the sitting room again,zone_living,temperature,decrease,mild,template_train
it is a bit humid in the bath,zone_bathroom,humidity,decrease,mild,template_train
swampy in the work room again,zone_office,humidity,decrease,strong,template_train
front room is a touch stuffy and warm,zone_living,temperature,decrease,mild,template_train
it's been a bit chilly in the study room all day,zone_office,temperature,increase,mild,template_train
it is boiling in the dining area,zone_common,temperature,decrease,strong,template_train
hallway is quite cold,zone_common,temperature,increase,moderate,template_train
it's slightly stale,UNSPECIFIED,airflow,increase,mild,template_train
"please fix the kitchen, it's suffocating",zone_kitchen,airflow,increase,strong,template_train
the front room is blasting air everywhere,zone_living,airflow,decrease,strong,template_train
honestly it's just a little clammy,UNSPECIFIED,humidity,decrease,mild,template_train
we're sitting in the drawing hall and it's a touch stuffy and warm,zone_living,temperature,decrease,mild,template_train
a touch stuffy and warm in the dining area again,zone_common,temperature,decrease,mild,template_train
now it's unbearably hot,UNSPECIFIED,temperature,decrease,strong,template_train
really dry in the bathroom again,zone_bathroom,humidity,increase,moderate,template_train
it is so dry my throat hurts in the front room,zone_living,humidity,increase,strong,template_train
it's windy,UNSPECIFIED,airflow,decrease,moderate,template_train
"can you do something about the study, its too hot",zone_office,temperature,decrease,moderate,template_train
it's been windy in the hallway all day,zone_common,airflow,decrease,moderate,template_train
it's way too dry,UNSPECIFIED,humidity,increase,strong,template_train
the mud room is unbearably muggy,zone_common,humidity,decrease,strong,template_train
"please fix the front room, it's a touch cold",zone_living,temperature,increase,mild,template_train
"please fix the kitchen, it's completely airless",zone_kitchen,airflow,increase,strong,template_train
honestly it's just slightly stale,UNSPECIFIED,airflow,increase,mild,template_train
we're sitting in the work room and it's completely airless,zone_office,airflow,increase,strong,template_train
it's been quite hot in the guest room all day,zone_bedroom,temperature,decrease,moderate,template_train
it's swampy again in here,UNSPECIFIED,humidity,decrease,strong,template_train
we're sitting in the study and it's a little cold,zone_office,temperature,increase,mild,template_train
the study room is slightly breezy,zone_office,airflow,decrease,mild,template_train
"can you do something about the kitchen, it's a little clammy",zone_kitchen,humidity,decrease,mild,template_train
"can you do something about the bathroom, it's too drafty",zone_bathroom,airflow,decrease,moderate,template_train
it's been a bit chilly in the kitchen all day,zone_kitchen,temperature,increase,mild,template_train
really dry in the bedroom again,zone_bedroom,humidity,increase,moderate,template_train
"can you do something about the kitchen, it's blasting air everywhere",zone_kitchen,airflow,decrease,strong,template_train
it is dry in the kitchen,zone_kitchen,humidity,increase,moderate,template_train
honestly it's just airless,UNSPECIFIED,airflow,increase,moderate,template_train
the kitchen is a touch cold,zone_kitchen,temperature,increase,mild,template_train
"please fix the living room, it's blasting air everywhere",zone_living,airflow,decrease,strong,template_train
"can you do something about the bed room, it's a touch stuffy and warm",zone_bedroom,temperature,decrease,mild,template_train
teh study room is slightly dry,zone_office,humidity,increase,mild,template_train
it is drafty in the bedroom,zone_bedroom,airflow,decrease,moderate,template_train
"can you do something about teh mud room, it's slightly breezy",zone_common,airflow,decrease,mild,template_train
it's too stuffy in here,UNSPECIFIED,airflow,increase,moderate,template_train
it's a bit humid again in here,UNSPECIFIED,humidity,decrease,mild,template_train
"please fix the bathroom, it's a touch stuffy and warm",zone_bathroom,temperature,decrease,mild,template_train
it is dry in the kitchn,zone_kitchen,humidity,increase,moderate,template_train
we're sitting in the front room and it's boiling,zone_living,temperature,decrease,strong,template_train
now it's blasting air everywhere,UNSPECIFIED,airflow,decrease,strong,template_train
honestly it's just sweltering,UNSPECIFIED,temperature,decrease,strong,template_train
it's been a touch stuffy and warm in the kitchn all day,zone_kitchen,temperature,decrease,mild,template_train
"can you do something about the work room, it's a touch cold",zone_office,temperature,increase,mild,template_train
humid in the study room again,zone_office,humidity,decrease,moderate,template_train
getting way too hot,UNSPECIFIED,temperature,decrease,strong,template_train
"can you do something about the work room, it's unbearably hot",zone_office,temperature,decrease,strong,template_train
it's been absolutely freezing in the bathroom all day,zone_bathroom,temperature,increase,strong,template_train
muggy in the lobby again,zone_common,humidity,decrease,moderate,template_train
it's been dripping with humidity in the kitchen all day,zone_kitchen,humidity,decrease,strong,template_train
a little too warm in the work room again,zone_office,temperature,decrease,mild,template_train
"can you do something about the bathroom, its really dry",zone_bathroom,humidity,increase,moderate,template_train
the my room is so dry my throat hurts,zone_bedroom,humidity,increase,strong,template_train
we're sitting in the kitchen and it's way too cold,zone_kitchen,temperature,increase,strong,template_train
the kitchen is sticky,zone_kitchen,humidity,decrease,moderate,template_train
study is like a wind tunnel,zone_office,airflow,decrease,strong,template_train
dining area is unbearably hot,zone_common,temperature,decrease,strong,template_train
the washroom is absolutely freezing,zone_bathroom,temperature,increase,strong,template_train
it is dripping with humidity in the kitchn,zone_kitchen,humidity,decrease,strong,template_train
"please fix the lobby, it's slightly stale",zone_common,airflow,increase,mild,template_train
teh mud room is a little clammy,zone_common,humidity,decrease,mild,template_train
like a wind tunnel in the kitchen again,zone_kitchen,airflow,decrease,strong,template_train
it's a little cold again in here,UNSPECIFIED,temperature,increase,mild,template_train
it's been airless in the dining room all day,zone_common,airflow,increase,moderate,template_train
too cold in the dining room again,zone_common,temperature,increase,moderate,template_train
"please fix the mud room, it's muggy",zone_common,humidity,decrease,moderate,template_train
"please fix the study, it's quite cold",zone_office,temperature,increase,moderate,template_train
now it's a touch stuffy and warm,UNSPECIFIED,temperature,decrease,mild,template_train
"please fix the game room, it's slightly dry",zone_living,humidity,increase,mild,template_train
we're sitting in the my room and it's slightly breezy,zone_bedroom,airflow,decrease,mild,template_train
we're sitting in the guest room and it's muggy,zone_bedroom,humidity,decrease,moderate,template_train
"please fix the study, it's a little clammy",zone_office,humidity,decrease,mild,template_train
it is slightly breezy in the study room,zone_office,airflow,decrease,mild,template_train
still a little clammy,UNSPECIFIED,humidity,decrease,mild,template_train
still not enough air moving,UNSPECIFIED,airflow,increase,moderate,template_train
it is too hot in the washroom,zone_bathroom,temperature,decrease,moderate,template_train
still airless,UNSPECIFIED,airflow,increase,moderate,template_train
"please fix the work room, it's really dry",zone_office,humidity,increase,moderate,template_train
the bathroom is slightly warm,zone_bathroom,temperature,decrease,mild,template_train
the master bedroom is completely airless,zone_bedroom,airflow,increase,strong,template_train
it's been unbearably hot in the bedroom all day,zone_bedroom,temperature,decrease,strong,template_train
it's been unbearably muggy in the master bedroom all day,zone_bedroom,humidity,decrease,strong,template_train
it is slightly dry in the kitchen,zone_kitchen,humidity,increase,mild,template_train
it is muggy in the study room,zone_office,humidity,decrease,moderate,template_train
slightly stale in the front room again,zone_living,airflow,increase,mild,template_train
"please fix the kitchen, it's blasting air everywhere",zone_kitchen,airflow,decrease,strong,template_train
it's quite hot in here,UNSPECIFIED,temperature,decrease,moderate,template_train
still a touch cold,UNSPECIFIED,temperature,increase,mild,template_train
it's been completely airless in the den all day,zone_living,airflow,increase,strong,template_train
"please fix the my son's room, it's muggy",zone_bedroom,humidity,decrease,moderate,template_train
it's not enough air moving in here,UNSPECIFIED,airflow,increase,moderate,template_train
now it's colder than I'd like,UNSPECIFIED,temperature,increase,moderate,template_train
we're sitting in the mud room and it's suffocating,zone_common,airflow,increase,strong,template_train
the work room is slightly warm,zone_office,temperature,decrease,mild,template_train
now it's like a wind tunnel,UNSPECIFIED,airflow,decrease,strong,template_train
we're sitting in the lounge and it's too drafty,zone_living,airflow,decrease,moderate,template_train
we're sitting in the kitchen and it's quite hot,zone_kitchen,temperature,decrease,moderate,template_train
"please fix the den, it's blasting air everywhere",zone_living,airflow,decrease,strong,template_train
"can you do something about the my son's room, it's sticky",zone_bedroom,humidity,decrease,moderate,template_train
it is a little too warm in the mud room,zone_common,temperature,decrease,mild,template_train
we're sitting in the game room and it's warmer than I'd like,zone_living,temperature,decrease,moderate,template_train
we're sitting in teh my room and it's unbearably muggy,zone_bedroom,humidity,decrease,strong,template_train
the sitting room is airless,zone_living,airflow,increase,moderate,template_train
honestly its just way too dry,UNSPECIFIED,humidity,increase,strong,template_train
we're sitting in the bathroom and it's dry,zone_bathroom,humidity,increase,moderate,template_train
we're sitting in the drawing hall and it's quite hot,zone_living,temperature,decrease,moderate,template_train
the study is a touch cold,zone_office,temperature,increase,mild,template_train
we're sitting in the kitchen and it's like an icebox,zone_kitchen,temperature,increase,strong,template_train
it's not enough air moving again in here,UNSPECIFIED,airflow,increase,moderate,template_train
we're sitting in teh lobby and it's so dry my throat hurts,zone_common,humidity,increase,strong,template_train
we're sitting in teh work room and it's a little cold,zone_office,temperature,increase,mild,template_train
"can you do something about the bathroom, it's drafty",zone_bathroom,airflow,decrease,moderate,template_train
it is a little too warm in the bathroom,zone_bathroom,temperature,decrease,mild,template_train
freezing in the hallway again,zone_common,temperature,increase,strong,template_train
too hot in the front room again,zone_living,temperature,decrease,moderate,template_train
master bedroom is really dry,zone_bedroom,humidity,increase,moderate,template_train
dining area is slightly dry,zone_common,humidity,increase,mild,template_train
honestly it's just quite cold,UNSPECIFIED,temperature,increase,moderate,template_train
it is unbearably muggy in the washroom,zone_bathroom,humidity,decrease,strong,template_train
it's sticky in here,UNSPECIFIED,humidity,decrease,moderate,template_train
it is so dry my throat hurts in the master bedroom,zone_bedroom,humidity,increase,strong,template_train
kitchen is colder than I'd like,zone_kitchen,temperature,increase,moderate,template_train
"can you do something about the lounge, it's slightly breezy",zone_living,airflow,decrease,mild,template_train
"please fix teh kitchen, it's unbearably hot",zone_kitchen,temperature,decrease,strong,template_train
we're sitting in the work room and it's so dry my throat hurts,zone_office,humidity,increase,strong,template_train
it's been sweltering in the my room all day,zone_bedroom,temperature,decrease,strong,template_train
"can you do something about the guest room, it's quite hot",zone_bedroom,temperature,decrease,moderate,template_train
"can you do something about the mud room, it's unbearably muggy",zone_common,humidity,decrease,strong,template_train
it's way too dry again in here,UNSPECIFIED,humidity,increase,strong,template_train
it's been slightly breezy in the hallway all day,zone_common,airflow,decrease,mild,template_train
it's colder than I'd like,UNSPECIFIED,temperature,increase,moderate,template_train
it is absolutely freezing in the kitchen,zone_kitchen,temperature,increase,strong,template_train
the bath is not enough air moving,zone_bathroom,airflow,increase,moderate,template_train
"can you do something about teh bathroom, it's a little too warm",zone_bathroom,temperature,decrease,mild,template_train
it is slightly dry in the my son's room,zone_bedroom,humidity,increase,mild,template_train
now it's a little cold,UNSPECIFIED,temperature,increase,mild,template_train
not enough air moving in teh my son's room again,zone_bedroom,airflow,increase,moderate,template_train
getting a bit chilly,UNSPECIFIED,temperature,increase,mild,template_train
washroom is so dry my throat hurts,zone_bathroom,humidity,increase,strong,template_train
it is blasting air everywhere in the kitchen,zone_kitchen,airflow,decrease,strong,template_train
we're sitting in the my room and it's slightly dry,zone_bedroom,humidity,increase,mild,template_train
washroom is a bit chilly,zone_bathroom,temperature,increase,mild,template_train
slightly stale in teh bed room again,zone_bedroom,airflow,increase,mild,template_train
it's been a little clammy in the kitchen all day,zone_kitchen,humidity,decrease,mild,template_train
we're sitting in the guest room and it's airless,zone_bedroom,airflow,increase,moderate,template_train
"please fix the study, it's way too dry",zone_office,humidity,increase,strong,template_train
the mud room is like an icebox,zone_common,temperature,increase,strong,template_train
like a wind tunnel in the bathroom again,zone_bathroom,airflow,decrease,strong,template_train
"please fix the kitchen, it's slightly warm",zone_kitchen,temperature,decrease,mild,template_train
it is blasting air everywhere in the work room,zone_office,airflow,decrease,strong,template_train
it's been blasting air everywhere in the bed room all day,zone_bedroom,airflow,decrease,strong,template_train
"please fix the washroom, it's slightly stale",zone_bathroom,airflow,increase,mild,template_train
"can you do something about the hallway, it's completely airless",zone_common,airflow,increase,strong,template_train
"can you do something about the hallway, it's like a wind tunnel",zone_common,airflow,decrease,strong,template_train
"can you do something about the washroom, it's sweltering",zone_bathroom,temperature,decrease,strong,template_train
honestly it's just way too cold,UNSPECIFIED,temperature,increase,strong,template_train
"can you do something about the sitting room, it's swampy",zone_living,humidity,decrease,strong,template_train
it is like an icebox in the my son's room,zone_bedroom,temperature,increase,strong,template_train
"can you do something about the washroom, it's airless",zone_bathroom,airflow,increase,moderate,template_train
now it's slightly stale,UNSPECIFIED,airflow,increase,mild,template_train
we're sitting in the study and it's way too hot,zone_office,temperature,decrease,strong,template_train
we're sitting in the work room and it's way too hot,zone_office,temperature,decrease,strong,template_train
it's humid again in here,UNSPECIFIED,humidity,decrease,moderate,template_train
it's slightly stale again in here,UNSPECIFIED,airflow,increase,mild,template_train
"can you do something about the drawing hall, it's really dry",zone_living,humidity,increase,moderate,template_train
dry in the kitchen again,zone_kitchen,humidity,increase,moderate,template_train
we're sitting in the bathroom and it's windy,zone_bathroom,airflow,decrease,moderate,template_train
we're sitting in the my room and it's too drafty,zone_bedroom,airflow,decrease,moderate,template_train
still a touch stuffy and warm,UNSPECIFIED,temperature,decrease,mild,template_train
honestly it's just unbearably hot,UNSPECIFIED,temperature,decrease,strong,template_train
"please fix the kitchen, it's really dry",zone_kitchen,humidity,increase,moderate,template_train
it's been unbearably muggy in the washroom all day,zone_bathroom,humidity,decrease,strong,template_train
"can you do something about the kitchen, its sticky",zone_kitchen,humidity,decrease,moderate,template_train
game room is muggy,zone_living,humidity,decrease,moderate,template_train
it's been slightly stale in the dining area all day,zone_common,airflow,increase,mild,template_train
honestly it's just a touch cold,UNSPECIFIED,temperature,increase,mild,template_train
the guest room is blasting air everywhere,zone_bedroom,airflow,decrease,strong,template_train
slightly breezy in the kitchen again,zone_kitchen,airflow,decrease,mild,template_train
bed room is too stuffy,zone_bedroom,airflow,increase,moderate,template_train
getting drafty,UNSPECIFIED,airflow,decrease,moderate,template_train
now it's muggy,UNSPECIFIED,humidity,decrease,moderate,template_train
it's been slightly stale in the study room all day,zone_office,airflow,increase,mild,template_train
kitchen is windy,zone_kitchen,airflow,decrease,moderate,template_train
still drafty,UNSPECIFIED,airflow,decrease,moderate,template_train
absolutely freezing in the study again,zone_office,temperature,increase,strong,template_train
we're sitting in the study room and it's dripping with humidity,zone_office,humidity,decrease,strong,template_train
teh bath is dripping with humidity,zone_bathroom,humidity,decrease,strong,template_train
it's been slightly breezy in the kitchen all day,zone_kitchen,airflow,decrease,mild,template_train
the dining room is windy,zone_common,airflow,decrease,moderate,template_train
getting slightly dry,UNSPECIFIED,humidity,increase,mild,template_train
the sitting room is muggy,zone_living,humidity,decrease,moderate,template_train
dining room is quite hot,zone_common,temperature,decrease,moderate,template_train
"can you do something about the front room, it's a touch cold",zone_living,temperature,increase,mild,template_train
it's been slightly stale in the sitting room all day,zone_living,airflow,increase,mild,template_train
it's been unbearably hot in the living room all day,zone_living,temperature,decrease,strong,template_train
suffocating in the bedroom again,zone_bedroom,airflow,increase,strong,template_train
it is completely airless in the living room,zone_living,airflow,increase,strong,template_train
we're sitting in the study and it's a bit humid,zone_office,humidity,decrease,mild,template_train
"can you do something about the master bedroom, it's a touch cold",zone_bedroom,temperature,increase,mild,template_train
"please fix the kitchen, it's a touch stuffy and warm",zone_kitchen,temperature,decrease,mild,template_train
kitchen is warmer than I'd like,zone_kitchen,temperature,decrease,moderate,template_train
it is sweltering in the kitchen,zone_kitchen,temperature,decrease,strong,template_train
"please fix the kitchen, it's sticky",zone_kitchen,humidity,decrease,moderate,template_train
sitting room is slightly dry,zone_living,humidity,increase,mild,template_train
honestly it's just suffocating,UNSPECIFIED,airflow,increase,strong,template_train
it's been way too hot in the kitchen all day,zone_kitchen,temperature,decrease,strong,template_train
it's been boiling in the kitchen all day,zone_kitchen,temperature,decrease,strong,template_train
"please fix the sitting room, it's way too dry",zone_living,humidity,increase,strong,template_train
it's really dry,UNSPECIFIED,humidity,increase,moderate,template_train
"can you do something about the drawing hall, it's airless",zone_living,airflow,increase,moderate,template_train
getting unbearably muggy,UNSPECIFIED,humidity,decrease,strong,template_train
we're sitting in the hallway and it's slightly dry,zone_common,humidity,increase,mild,template_train
"please fix the bath, it's slightly stale",zone_bathroom,airflow,increase,mild,template_train
"can you do something about the master bedroom, it's absolutely freezing",zone_bedroom,temperature,increase,strong,template_train
too hot in the washroom again,zone_bathroom,temperature,decrease,moderate,template_train
"please fix the study, it's a little cold",zone_office,temperature,increase,mild,template_train
it is too cold in the lobby,zone_common,temperature,increase,moderate,template_train
it's been humid in the bathroom all day,zone_bathroom,humidity,decrease,moderate,template_train
it's been drafty in the work room all day,zone_office,airflow,decrease,moderate,template_train
it is drafty in the study room,zone_office,airflow,decrease,moderate,template_train
it's a bit humid in here,UNSPECIFIED,humidity,decrease,mild,template_train
getting a touch stuffy and warm,UNSPECIFIED,temperature,decrease,mild,template_train
it's been so dry my throat hurts in the dining area all day,zone_common,humidity,increase,strong,template_train
kitchen is sticky,zone_kitchen,humidity,decrease,moderate,template_train
now it's a touch cold,UNSPECIFIED,temperature,increase,mild,template_train
"please fix the study, it's a bit chilly",zone_office,temperature,increase,mild,template_train
it is dry in the dining room,zone_common,humidity,increase,moderate,template_train
kitchen is suffocating,zone_kitchen,airflow,increase,strong,template_train
"please fix the front room, it's slightly dry",zone_living,humidity,increase,mild,template_train
"please fix the den, it's too cold",zone_living,temperature,increase,moderate,template_train
"can you do something about the drawing hall, its colder than I'd like",zone_living,temperature,increase,moderate,template_train
a little cold in the work room again,zone_office,temperature,increase,mild,template_train
getting too drafty,UNSPECIFIED,airflow,decrease,moderate,template_train
the guest room is slightly dry,zone_bedroom,humidity,increase,mild,template_train
"can you do something about the my room, it's suffocating",zone_bedroom,airflow,increase,strong,template_train
"please fix teh bathroom, it's muggy",zone_bathroom,humidity,decrease,moderate,template_train
we're sitting in the drawing hall and it's like a wind tunnel,zone_living,airflow,decrease,strong,template_train
it's been quite cold in the bedroom all day,zone_bedroom,temperature,increase,moderate,template_train
"please fix the bed room, it's muggy",zone_bedroom,humidity,decrease,moderate,template_train
really dry in the study again,zone_office,humidity,increase,moderate,template_train
completely airless in the bed room again,zone_bedroom,airflow,increase,strong,template_train
the study is too stuffy,zone_office,airflow,increase,moderate,template_train
"can you do something about the mud room, it's dry",zone_common,humidity,increase,moderate,template_train
it is really dry in the study room,zone_office,humidity,increase,moderate,template_train
muggy in the lounge again,zone_living,humidity,decrease,moderate,template_train
we're sitting in the bath and it's too cold,zone_bathroom,temperature,increase,moderate,template_train
dry in the master bedroom again,zone_bedroom,humidity,increase,moderate,template_train
"can you do something about the bath, it's slightly breezy",zone_bathroom,airflow,decrease,mild,template_train
it's a touch cold in here,UNSPECIFIED,temperature,increase,mild,template_train
getting blasting air everywhere,UNSPECIFIED,airflow,decrease,strong,template_train
"can you do something about the my room, it's a touch cold",zone_bedroom,temperature,increase,mild,template_train
we're sitting in the study room and it's so dry my throat hurts,zone_office,humidity,increase,strong,template_train
still colder than I'd like,UNSPECIFIED,temperature,increase,moderate,template_train
it's been drafty in the den all day,zone_living,airflow,decrease,moderate,template_train
the game room is too drafty,zone_living,airflow,decrease,moderate,template_train
the bathroom is a bit humid,zone_bathroom,humidity,decrease,mild,template_train
teh den is unbearably muggy,zone_living,humidity,decrease,strong,template_train
it's been colder than I'd like in the washroom all day,zone_bathroom,temperature,increase,moderate,template_train
"can you do something about the bedroom, its slightly dry",zone_bedroom,humidity,increase,mild,template_train
the lobby is so dry my throat hurts,zone_common,humidity,increase,strong,template_train
it's been not enough air moving in teh living room all day,zone_living,airflow,increase,moderate,template_train
it's suffocating again in here,UNSPECIFIED,airflow,increase,strong,template_train
we're sitting in the kitchen and it's completely airless,zone_kitchen,airflow,increase,strong,template_train
"please fix the hallway, it's so dry my throat hurts",zone_common,humidity,increase,strong,template_train
it's slightly breezy,UNSPECIFIED,airflow,decrease,mild,template_train
it's too stuffy again in here,UNSPECIFIED,airflow,increase,moderate,template_train
bathroom is dry,zone_bathroom,humidity,increase,moderate,template_train
now it's slightly breezy,UNSPECIFIED,airflow,decrease,mild,template_train
it is slightly stale in the bed room,zone_bedroom,airflow,increase,mild,template_train
honestly it's just boiling,UNSPECIFIED,temperature,decrease,strong,template_train
bath is slightly warm,zone_bathroom,temperature,decrease,mild,template_train
slightly warm in the dining area again,zone_common,temperature,decrease,mild,template_train
we're sitting in the drawing hall and it's really dry,zone_living,humidity,increase,moderate,template_train
kitchen is not enough air moving,zone_kitchen,airflow,increase,moderate,template_train
it is boiling in the bathroom,zone_bathroom,temperature,decrease,strong,template_train
the game room is quite cold,zone_living,temperature,increase,moderate,template_train
teh kitchen is warmer than I'd like,zone_kitchen,temperature,decrease,moderate,template_train
now it's too cold,UNSPECIFIED,temperature,increase,moderate,template_train
the lobby is like a wind tunnel,zone_common,airflow,decrease,strong,template_train
"can you do something about the front room, it's too hot",zone_living,temperature,decrease,moderate,template_train
it's been windy in the washroom all day,zone_bathroom,airflow,decrease,moderate,template_train
honestly it's just slightly warm,UNSPECIFIED,temperature,decrease,mild,template_train
getting quite cold,UNSPECIFIED,temperature,increase,moderate,template_train
dining area is dry,zone_common,humidity,increase,moderate,template_train
kitchen is dry,zone_kitchen,humidity,increase,moderate,template_train
"can you do something about the mud room, it's slightly breezy",zone_common,airflow,decrease,mild,template_train
living room is freezing,zone_living,temperature,increase,strong,template_train
the work room is a little too warm,zone_office,temperature,decrease,mild,template_train
its too drafty,UNSPECIFIED,airflow,decrease,moderate,template_train
the drawing hall is drafty,zone_living,airflow,decrease,moderate,template_train
bedroom is way too hot,zone_bedroom,temperature,decrease,strong,template_train
kitchen is too cold,zone_kitchen,temperature,increase,moderate,template_train
living room is unbearably muggy,zone_living,humidity,decrease,strong,template_train
sticky in the work room again,zone_office,humidity,decrease,moderate,template_train
it is slightly warm in the lobby,zone_common,temperature,decrease,mild,template_train
"please fix the kitchen, it's way too dry",zone_kitchen,humidity,increase,strong,template_train
we're sitting in the bathroom and it's like a wind tunnel,zone_bathroom,airflow,decrease,strong,template_train
it's dry in here,UNSPECIFIED,humidity,increase,moderate,template_train
it's been quite cold in the den all day,zone_living,temperature,increase,moderate,template_train
"can you do something about the kitchen, it's a touch stuffy and warm",zone_kitchen,temperature,decrease,mild,template_train
now it's too stuffy,UNSPECIFIED,airflow,increase,moderate,template_train
it's been slightly stale in the den all day,zone_living,airflow,increase,mild,template_train
"can you do something about the study, it's absolutely freezing",zone_office,temperature,increase,strong,template_train
it's been absolutely freezing in the dining area all day,zone_common,temperature,increase,strong,template_train
slightly dry in the den again,zone_living,humidity,increase,mild,template_train
its really dry in here,UNSPECIFIED,humidity,increase,moderate,template_train
it is too stuffy in the front room,zone_living,airflow,increase,moderate,template_train
"please fix the kitchen, it's a little too warm",zone_kitchen,temperature,decrease,mild,template_train
"please fix the study room, it's a bit humid",zone_office,humidity,decrease,mild,template_train
now it's warmer than I'd like,UNSPECIFIED,temperature,decrease,moderate,template_train
my room is a bit chilly,zone_bedroom,temperature,increase,mild,template_train
it's warmer than I'd like again in here,UNSPECIFIED,temperature,decrease,moderate,template_train
"please fix the lobby, its like a wind tunnel",zone_common,airflow,decrease,strong,template_train
the dining room is colder than I'd like,zone_common,temperature,increase,moderate,template_train
it's quite hot again in here,UNSPECIFIED,temperature,decrease,moderate,template_train
the my son's room is too cold,zone_bedroom,temperature,increase,moderate,template_train
"please fix the lobby, it's swampy",zone_common,humidity,decrease,strong,template_train
study is a bit humid,zone_office,humidity,decrease,mild,template_train
den is freezing,zone_living,temperature,increase,strong,template_train
"please fix the hallway, it's unbearably muggy",zone_common,humidity,decrease,strong,template_train
"please fix the living room, it's slightly breezy",zone_living,airflow,decrease,mild,template_train
we're sitting in teh guest room and it's way too dry,zone_bedroom,humidity,increase,strong,template_train
"can you do something about teh study, it's a bit humid",zone_office,humidity,decrease,mild,template_train
it's been too cold in the living room all day,zone_living,temperature,increase,moderate,template_train
it's been too hot in the study all day,zone_office,temperature,decrease,moderate,template_train
we're sitting in the my son's room and it's a little cold,zone_bedroom,temperature,increase,mild,template_train
it's like a wind tunnel in here,UNSPECIFIED,airflow,decrease,strong,template_train
it is slightly breezy in the bedroom,zone_bedroom,airflow,decrease,mild,template_train
slightly dry in the master bedroom again,zone_bedroom,humidity,increase,mild,template_train
way too cold in the kitchen again,zone_kitchen,temperature,increase,strong,template_train
blasting air everywhere in the kitchen again,zone_kitchen,airflow,decrease,strong,template_train
bedroom is unbearably hot,zone_bedroom,temperature,decrease,strong,template_train
it's been dripping with humidity in the lobby all day,zone_common,humidity,decrease,strong,template_train
"please fix the study, it's not enough air moving",zone_office,airflow,increase,moderate,template_train
work room is a touch stuffy and warm,zone_office,temperature,decrease,mild,template_train
"please fix the bedroom, it's slightly breezy",zone_bedroom,airflow,decrease,mild,template_train
honestly it's just a bit humid,UNSPECIFIED,humidity,decrease,mild,template_train
"please fix the guest room, it's airless",zone_bedroom,airflow,increase,moderate,template_train
the bath is too stuffy,zone_bathroom,airflow,increase,moderate,template_train
we're sitting in teh kitchen and it's a little cold,zone_kitchen,temperature,increase,mild,template_train
it's been way too hot in the bathroom all day,zone_bathroom,temperature,decrease,strong,template_train
it's sticky,UNSPECIFIED,humidity,decrease,moderate,template_train
"please fix the drawing hall, it's way too hot",zone_living,temperature,decrease,strong,template_train
it is unbearably muggy in the bath,zone_bathroom,humidity,decrease,strong,template_train
we're sitting in the hallway and it's colder than I'd like,zone_common,temperature,increase,moderate,template_train
it is a bit humid in the study,zone_office,humidity,decrease,mild,template_train
it's been blasting air everywhere in the den all day,zone_living,airflow,decrease,strong,template_train
it is suffocating in the front room,zone_living,airflow,increase,strong,template_train
it is slightly dry in the washroom,zone_bathroom,humidity,increase,mild,template_train
still dripping with humidity,UNSPECIFIED,humidity,decrease,strong,template_train
master bedroom is freezing,zone_bedroom,temperature,increase,strong,template_train
slightly dry in the mud room again,zone_common,humidity,increase,mild,template_train
the lobby is a little too warm,zone_common,temperature,decrease,mild,template_train
we're sitting in the master bedroom and it's way too dry,zone_bedroom,humidity,increase,strong,template_train
it's blasting air everywhere,UNSPECIFIED,airflow,decrease,strong,template_train
den is blasting air everywhere,zone_living,airflow,decrease,strong,template_train
"please fix the bath, it's way too dry",zone_bathroom,humidity,increase,strong,template_train
we're sitting in teh kitchen and it's slightly warm,zone_kitchen,temperature,decrease,mild,template_train
"can you do something about the study, it's too drafty",zone_office,airflow,decrease,moderate,template_train
a little cold in the study again,zone_office,temperature,increase,mild,template_train
it is slightly stale in the work room,zone_office,airflow,increase,mild,template_train
study room is drafty,zone_office,airflow,decrease,moderate,template_train
"please fix teh kitchen, it's slightly stale",zone_kitchen,airflow,increase,mild,template_train
kitchen is like an icebox,zone_kitchen,temperature,increase,strong,template_train
"please fix the work room, it's a little too warm",zone_office,temperature,decrease,mild,template_train
completely airless in the bath again,zone_bathroom,airflow,increase,strong,template_train
it's been too cold in the master bedroom all day,zone_bedroom,temperature,increase,moderate,template_train
the my room is airless,zone_bedroom,airflow,increase,moderate,template_train
it's been freezing in the mud room all day,zone_common,temperature,increase,strong,template_train
it's been quite cold in the guest room all day,zone_bedroom,temperature,increase,moderate,template_train
it is drafty in the study,zone_office,airflow,decrease,moderate,template_train
hallway is slightly breezy,zone_common,airflow,decrease,mild,template_train
"can you do something about teh study, it's too hot",zone_office,temperature,decrease,moderate,template_train
"please fix the drawing hall, its sticky",zone_living,humidity,decrease,moderate,template_train
"can you do something about the dining room, it's too stuffy",zone_common,airflow,increase,moderate,template_train
it's a bit chilly in here,UNSPECIFIED,temperature,increase,mild,template_train
we're sitting in teh kitchen and it's suffocating,zone_kitchen,airflow,increase,strong,template_train
honestly it's just too hot,UNSPECIFIED,temperature,decrease,moderate,template_train
getting muggy,UNSPECIFIED,humidity,decrease,moderate,template_train
"please fix the kitchen, it's slightly stale",zone_kitchen,airflow,increase,mild,template_train
getting absolutely freezing,UNSPECIFIED,temperature,increase,strong,template_train
it's been a little too warm in the kitchen all day,zone_kitchen,temperature,decrease,mild,template_train
it is way too dry in the guest room,zone_bedroom,humidity,increase,strong,template_train
we're sitting in the bathroom and it's humid,zone_bathroom,humidity,decrease,moderate,template_train
it's been completely airless in the my room all day,zone_bedroom,airflow,increase,strong,template_train
it's been warmer than I'd like in the game room all day,zone_living,temperature,decrease,moderate,template_train
colder than I'd like in the washroom again,zone_bathroom,temperature,increase,moderate,template_train
"please fix the work room, it's a bit chilly",zone_office,temperature,increase,mild,template_train
it's completely airless again in here,UNSPECIFIED,airflow,increase,strong,template_train
it's been slightly dry in the bath all day,zone_bathroom,humidity,increase,mild,template_train
getting freezing,UNSPECIFIED,temperature,increase,strong,template_train
"can you do something about the my room, it's warmer than I'd like",zone_bedroom,temperature,decrease,moderate,template_train
honestly it's just really dry,UNSPECIFIED,humidity,increase,moderate,template_train
teh study room is slightly breezy,zone_office,airflow,decrease,mild,template_train
"can you do something about the drawing hall, it's so dry my throat hurts",zone_living,humidity,increase,strong,template_train
it's suffocating,UNSPECIFIED,airflow,increase,strong,template_train
it is a little clammy in the bedroom,zone_bedroom,humidity,decrease,mild,template_train
kitchen is so dry my throat hurts,zone_kitchen,humidity,increase,strong,template_train
it's unbearably hot,UNSPECIFIED,temperature,decrease,strong,template_train
blasting air everywhere in the mud room again,zone_common,airflow,decrease,strong,template_train
"please fix the front room, it's drafty",zone_living,airflow,decrease,moderate,template_train
still absolutely freezing,UNSPECIFIED,temperature,increase,strong,template_train
honestly it's just way too dry,UNSPECIFIED,humidity,increase,strong,template_train
we're sitting in the kitchen and it's slightly warm,zone_kitchen,temperature,decrease,mild,template_train
it's too cold,UNSPECIFIED,temperature,increase,moderate,template_train
"please fix the washroom, it's blasting air everywhere",zone_bathroom,airflow,decrease,strong,template_train
"can you do something about the kitchen, it's dripping with humidity",zone_kitchen,humidity,decrease,strong,template_train
still a little cold,UNSPECIFIED,temperature,increase,mild,template_train
mud room is suffocating,zone_common,airflow,increase,strong,template_train
too cold in the kitchen again,zone_kitchen,temperature,increase,moderate,template_train
we're sitting in the bedroom and it's too drafty,zone_bedroom,airflow,decrease,moderate,template_train
we're sitting in the study and it's too drafty,zone_office,airflow,decrease,moderate,template_train
still way too dry,UNSPECIFIED,humidity,increase,strong,template_train
it's been humid in the study all day,zone_office,humidity,decrease,moderate,template_train
"can you do something about the bath, it's muggy",zone_bathroom,humidity,decrease,moderate,template_train
hallway is swampy,zone_common,humidity,decrease,strong,template_train
its blasting air everywhere again in here,UNSPECIFIED,airflow,decrease,strong,template_train
"please fix the den, it's a touch cold",zone_living,temperature,increase,mild,template_train
"can you do something about the kitchen, it's way too dry",zone_kitchen,humidity,increase,strong,template_train
it is suffocating in the bed room,zone_bedroom,airflow,increase,strong,template_train
we're sitting in the work room and it's slightly breezy,zone_office,airflow,decrease,mild,template_train
"can you do something about the dining room, it's suffocating",zone_common,airflow,increase,strong,template_train
"please fix the kitchen, it's so dry my throat hurts",zone_kitchen,humidity,increase,strong,template_train
getting warmer than I'd like,UNSPECIFIED,temperature,decrease,moderate,template_train
it is dry in the den,zone_living,humidity,increase,moderate,template_train
it is drafty in the living room,zone_living,airflow,decrease,moderate,template_train
kitchen is a touch cold,zone_kitchen,temperature,increase,mild,template_train
den is unbearably hot,zone_living,temperature,decrease,strong,template_train
we're sitting in the kitchen and it's a little clammy,zone_kitchen,humidity,decrease,mild,template_train
dry in the bathroom again,zone_bathroom,humidity,increase,moderate,template_train
now it's way too hot,UNSPECIFIED,temperature,decrease,strong,template_train
we're sitting in the bath and it's completely airless,zone_bathroom,airflow,increase,strong,template_train
it is boiling in the washroom,zone_bathroom,temperature,decrease,strong,template_train
it is blasting air everywhere in the hallway,zone_common,airflow,decrease,strong,template_train
"please fix the guest room, it's way too dry",zone_bedroom,humidity,increase,strong,template_train
"please fix the work room, it's completely airless",zone_office,airflow,increase,strong,template_train
"can you do something about the bath, it's too cold",zone_bathroom,temperature,increase,moderate,template_train
realy dry in the study again,zone_office,humidity,increase,moderate,template_train
its been dripping with humidity in the work room all day,zone_office,humidity,decrease,strong,template_train
way too hot in the kitchen again,zone_kitchen,temperature,decrease,strong,template_train
it's too stuffy,UNSPECIFIED,airflow,increase,moderate,template_train
it's been unbearably muggy in the mud room all day,zone_common,humidity,decrease,strong,template_train
it is slightly stale in the study,zone_office,airflow,increase,mild,template_train
"can you do something about the kitchen, it's too drafty",zone_kitchen,airflow,decrease,moderate,template_train
honestly it's just muggy,UNSPECIFIED,humidity,decrease,moderate,template_train
it's been slightly breezy in the dining room all day,zone_common,airflow,decrease,mild,template_train
it is a touch cold in the my room,zone_bedroom,temperature,increase,mild,template_train
honestly its just completely airless,UNSPECIFIED,airflow,increase,strong,template_train
warmer than I'd like in the study room again,zone_office,temperature,decrease,moderate,template_train
the work room is so dry my throat hurts,zone_office,humidity,increase,strong,template_train
absolutely freezing in the dining area again,zone_common,temperature,increase,strong,template_train
"can you do something about the hallway, it's slightly dry",zone_common,humidity,increase,mild,template_train
it's been a little cold in the lobby all day,zone_common,temperature,increase,mild,template_train
freezing in the mud room again,zone_common,temperature,increase,strong,template_train
we're sitting in the kitchen and it's so dry my throat hurts,zone_kitchen,humidity,increase,strong,template_train
honestly it's just a bit chilly,UNSPECIFIED,temperature,increase,mild,template_train
we're sitting in teh dining area and it's so dry my throat hurts,zone_common,humidity,increase,strong,template_train
"can you do something about the bed room, it's airless",zone_bedroom,airflow,increase,moderate,template_train
the mud room is unbearably hot,zone_common,temperature,decrease,strong,template_train
dining area is a bit chilly,zone_common,temperature,increase,mild,template_train
it's been completely airless in the guest room all day,zone_bedroom,airflow,increase,strong,template_train
now it's swampy,UNSPECIFIED,humidity,decrease,strong,template_train
"please fix the den, it's windy",zone_living,airflow,decrease,moderate,template_train
it's a bit chilly,UNSPECIFIED,temperature,increase,mild,template_train
blasting air everywhere in the study again,zone_office,airflow,decrease,strong,template_train
it's been windy in the mud room all day,zone_common,airflow,decrease,moderate,template_train
washroom is completely airless,zone_bathroom,airflow,increase,strong,template_train
honestly it's just like a wind tunnel,UNSPECIFIED,airflow,decrease,strong,template_train
work room is quite cold,zone_office,temperature,increase,moderate,template_train
washroom is airless,zone_bathroom,airflow,increase,moderate,template_train
we're sitting in the dining area and it's really dry,zone_common,humidity,increase,moderate,template_train
the work room is a bit humid,zone_office,humidity,decrease,mild,template_train
"can you do something about the den, it's a little too warm",zone_living,temperature,decrease,mild,template_train
it's so dry my throat hurts again in here,UNSPECIFIED,humidity,increase,strong,template_train
"please fix the guest room, it's humid",zone_bedroom,humidity,decrease,moderate,template_train
"can you do something about the dining room, it's sticky",zone_common,humidity,decrease,moderate,template_train
we're sitting in the study room and it's drafty,zone_office,airflow,decrease,moderate,template_train
the washroom is sweltering,zone_bathroom,temperature,decrease,strong,template_train
"can you do something about the kitchen, it's sweltering",zone_kitchen,temperature,decrease,strong,template_train
"please fix the washroom, it's muggy",zone_bathroom,humidity,decrease,moderate,template_train
we're sitting in the washroom and it's slightly breezy,zone_bathroom,airflow,decrease,mild,template_train
"can you do something about the bath, it's sticky",zone_bathroom,humidity,decrease,moderate,template_train
it's a little clammy,UNSPECIFIED,humidity,decrease,mild,template_train
we're sitting in the study and it's like an icebox,zone_office,temperature,increase,strong,template_train
getting boiling,UNSPECIFIED,temperature,decrease,strong,template_train
"please fix the study room, it's too drafty",zone_office,airflow,decrease,moderate,template_train
warmer than I'd like in the kitchn again,zone_kitchen,temperature,decrease,moderate,template_train
we're sitting in the my room and it's suffocating,zone_bedroom,airflow,increase,strong,template_train
honestly it's just drafty,UNSPECIFIED,airflow,decrease,moderate,template_train
"please fix the bathroom, it's slightly breezy",zone_bathroom,airflow,decrease,mild,template_train
it's muggy again in here,UNSPECIFIED,humidity,decrease,moderate,template_train
"please fix the my son's room, it's blasting air everywhere",zone_bedroom,airflow,decrease,strong,template_train
we're sitting in the dining area and it's slightly stale,zone_common,airflow,increase,mild,template_train
honestly it's just a little too warm,UNSPECIFIED,temperature,decrease,mild,template_train
the hallway is a little clammy,zone_common,humidity,decrease,mild,template_train
bedrom is a touch stuffy and warm,zone_bedroom,temperature,decrease,mild,template_train
washroom is dry,zone_bathroom,humidity,increase,moderate,template_train
it is slightly dry in the drawing hall,zone_living,humidity,increase,mild,template_train
master bedroom is a little clammy,zone_bedroom,humidity,decrease,mild,template_train
the sitting room is so dry my throat hurts,zone_living,humidity,increase,strong,template_train
front room is way too dry,zone_living,humidity,increase,strong,template_train
we're sitting in the lounge and it's completely airless,zone_living,airflow,increase,strong,template_train
"please fix the dining room, it's so dry my throat hurts",zone_common,humidity,increase,strong,template_train
"can you do something about the kitchen, it's too hot",zone_kitchen,temperature,decrease,moderate,template_train
getting slightly breezy,UNSPECIFIED,airflow,decrease,mild,template_train
the living room is unbearably hot,zone_living,temperature,decrease,strong,template_train
"please fix the bed room, it's a bit chilly",zone_bedroom,temperature,increase,mild,template_train
we're sitting in the study room and it's blasting air everywhere,zone_office,airflow,decrease,strong,template_train
it's been slightly dry in the kitchen all day,zone_kitchen,humidity,increase,mild,template_train
kitchen is boiling,zone_kitchen,temperature,decrease,strong,template_train
dry in the study again,zone_office,humidity,increase,moderate,template_train
"can you do something about the guest room, it's drafty",zone_bedroom,airflow,decrease,moderate,template_train
"please fix the living room, it's a little cold",zone_living,temperature,increase,mild,template_train
"can you do something about the bed room, it's slightly dry",zone_bedroom,humidity,increase,mild,template_train
getting too cold,UNSPECIFIED,temperature,increase,moderate,template_train
we're sitting in the my son's room and it's like a wind tunnel,zone_bedroom,airflow,decrease,strong,template_train
"can you do something about the study, it's slightly stale",zone_office,airflow,increase,mild,template_train
it is quite hot in the game room,zone_living,temperature,decrease,moderate,template_train
we're sitting in the mud room and it's slightly stale,zone_common,airflow,increase,mild,template_train
the master bedroom is really dry,zone_bedroom,humidity,increase,moderate,template_train
the kitchen is completely airless,zone_kitchen,airflow,increase,strong,template_train
"can you do something about the lobby, it's a little clammy",zone_common,humidity,decrease,mild,template_train
"please fix the dining area, it's dripping with humidity",zone_common,humidity,decrease,strong,template_train
way too cold in the washroom again,zone_bathroom,temperature,increase,strong,template_train
"can you do something about the study room, its too hot",zone_office,temperature,decrease,moderate,template_train
it is completely airless in the bath,zone_bathroom,airflow,increase,strong,template_train
now its way too dry,UNSPECIFIED,humidity,increase,strong,template_train
we're sitting in the bath and it's absolutely freezing,zone_bathroom,temperature,increase,strong,template_train
the kitchen is too drafty,zone_kitchen,airflow,decrease,moderate,template_train
it's been so dry my throat hurts in the bathroom all day,zone_bathroom,humidity,increase,strong,template_train
still way too hot,UNSPECIFIED,temperature,decrease,strong,template_train
still boiling,UNSPECIFIED,temperature,decrease,strong,template_train
it is slightly dry in the lounge,zone_living,humidity,increase,mild,template_train
dining room is a bit humid,zone_common,humidity,decrease,mild,template_train
lobby is a little too warm,zone_common,temperature,decrease,mild,template_train
"can you do something about the master bedroom, it's a little cold",zone_bedroom,temperature,increase,mild,template_train
we're sitting in the dining room and it's too hot,zone_common,temperature,decrease,moderate,template_train
"please fix the bed room, it's quite hot",zone_bedroom,temperature,decrease,moderate,template_train
the dining area is way too dry,zone_common,humidity,increase,strong,template_train
sticky in the bathroom again,zone_bathroom,humidity,decrease,moderate,template_train
the study room is like a wind tunnel,zone_office,airflow,decrease,strong,template_train
the dining room is way too dry,zone_common,humidity,increase,strong,template_train
honestly it's just humid,UNSPECIFIED,humidity,decrease,moderate,template_train
so dry my throat hurts in the bathroom again,zone_bathroom,humidity,increase,strong,template_train
it's been muggy in the washroom all day,zone_bathroom,humidity,decrease,moderate,template_train
the study is dripping with humidity,zone_office,humidity,decrease,strong,template_train
we're sitting in the kitchen and it's really dry,zone_kitchen,humidity,increase,moderate,template_train
it's a bit humid,UNSPECIFIED,humidity,decrease,mild,template_train
we're sitting in the study and it's really dry,zone_office,humidity,increase,moderate,template_train
"can you do something about the my room, it's slightly stale",zone_bedroom,airflow,increase,mild,template_train
way too cold in the mud room again,zone_common,temperature,increase,strong,template_train
"please fix the lounge, it's too stuffy",zone_living,airflow,increase,moderate,template_train
still completely airless,UNSPECIFIED,airflow,increase,strong,template_train
drawing hall is too hot,zone_living,temperature,decrease,moderate,template_train
"please fix the bathroom, it's completely airless",zone_bathroom,airflow,increase,strong,template_train
the living room is way too dry,zone_living,humidity,increase,strong,template_train
"can you do something about teh mud room, it's colder than I'd like",zone_common,temperature,increase,moderate,template_train
a touch stuffy and warm in the washroom again,zone_bathroom,temperature,decrease,mild,template_train
now its freezing,UNSPECIFIED,temperature,increase,strong,template_train
it's slightly warm in here,UNSPECIFIED,temperature,decrease,mild,template_train
getting way too cold,UNSPECIFIED,temperature,increase,strong,template_train
it's suffocating in here,UNSPECIFIED,airflow,increase,strong,template_train
too cold in the my room again,zone_bedroom,temperature,increase,moderate,template_train
bed room is warmer than I'd like,zone_bedroom,temperature,decrease,moderate,template_train
getting like a wind tunnel,UNSPECIFIED,airflow,decrease,strong,template_train
it is unbearably muggy in the front room,zone_living,humidity,decrease,strong,template_train
it's been dry in teh kitchen all day,zone_kitchen,humidity,increase,moderate,template_train
still too cold,UNSPECIFIED,temperature,increase,moderate,template_train
it's a little clammy in here,UNSPECIFIED,humidity,decrease,mild,template_train
"please fix the study room, it's slightly breezy",zone_office,airflow,decrease,mild,template_train
it's dry,UNSPECIFIED,humidity,increase,moderate,template_train
it is a bit humid in the mud room,zone_common,humidity,decrease,mild,template_train
"please fix the washroom, it's slightly breezy",zone_bathroom,airflow,decrease,mild,template_train
master bedroom is like a wind tunnel,zone_bedroom,airflow,decrease,strong,template_train
we're sitting in the kitchen and it's muggy,zone_kitchen,humidity,decrease,moderate,template_train
it is not enough air moving in the sitting room,zone_living,airflow,increase,moderate,template_train
my room is slightly breezy,zone_bedroom,airflow,decrease,mild,template_train
it's been quite cold in the mud room all day,zone_common,temperature,increase,moderate,template_train
teh master bedroom is unbearably muggy,zone_bedroom,humidity,decrease,strong,template_train
it is way too dry in the bed room,zone_bedroom,humidity,increase,strong,template_train
"please fix the front room, it's blasting air everywhere",zone_living,airflow,decrease,strong,template_train
"please fix the washroom, it's too stuffy",zone_bathroom,airflow,increase,moderate,template_train
too hot in the bed room again,zone_bedroom,temperature,decrease,moderate,template_train
its humid in here,UNSPECIFIED,humidity,decrease,moderate,template_train
now its really dry,UNSPECIFIED,humidity,increase,moderate,template_train
it is a little clammy in the bathroom,zone_bathroom,humidity,decrease,mild,template_train
"please fix the bed room, it's really dry",zone_bedroom,humidity,increase,moderate,template_train
we're sitting in the bedroom and it's a little clammy,zone_bedroom,humidity,decrease,mild,template_train
we're sitting in the kitchen and it's too stuffy,zone_kitchen,airflow,increase,moderate,template_train
it's been a touch cold in the dining area all day,zone_common,temperature,increase,mild,template_train
it is sticky in the bath,zone_bathroom,humidity,decrease,moderate,template_train
"can you do something about the study room, it's slightly dry",zone_office,humidity,increase,mild,template_train
"please fix the work room, it's quite hot",zone_office,temperature,decrease,moderate,template_train
"can you do something about teh sitting room, it's boiling",zone_living,temperature,decrease,strong,template_train
kitchen is really dry,zone_kitchen,humidity,increase,moderate,template_train
"can you do something about the guest room, it's absolutely freezing",zone_bedroom,temperature,increase,strong,template_train
it's been completely airless in the front room all day,zone_living,airflow,increase,strong,template_train
we're sitting in the work room and it's windy,zone_office,airflow,decrease,moderate,template_train
it's been slightly breezy in the my room all day,zone_bedroom,airflow,decrease,mild,template_train
"please fix the bedroom, it's slightly stale",zone_bedroom,airflow,increase,mild,template_train
my son's room is like a wind tunnel,zone_bedroom,airflow,decrease,strong,template_train
it's a touch cold again in here,UNSPECIFIED,temperature,increase,mild,template_train
"please fix the study room, it's boiling",zone_office,temperature,decrease,strong,template_train
honestly it's just like an icebox,UNSPECIFIED,temperature,increase,strong,template_train
the bathroom is quite hot,zone_bathroom,temperature,decrease,moderate,template_train
slightly dry in the bathroom again,zone_bathroom,humidity,increase,mild,template_train
it is sweltering in the dining room,zone_common,temperature,decrease,strong,template_train
still humid,UNSPECIFIED,humidity,decrease,moderate,template_train
too cold in the living room again,zone_living,temperature,increase,moderate,template_train
master bedroom is windy,zone_bedroom,airflow,decrease,moderate,template_train
lounge is freezing,zone_living,temperature,increase,strong,template_train
"please fix the bed room, it's unbearably muggy",zone_bedroom,humidity,decrease,strong,template_train
"can you do something about the kitchen, it's slightly dry",zone_kitchen,humidity,increase,mild,template_train
the kitchen is quite hot,zone_kitchen,temperature,decrease,moderate,template_train
guest room is suffocating,zone_bedroom,airflow,increase,strong,template_train
it's sweltering in here,UNSPECIFIED,temperature,decrease,strong,template_train
really dry in the game room again,zone_living,humidity,increase,moderate,template_train
teh kitchen is a touch stuffy and warm,zone_kitchen,temperature,decrease,mild,template_train
"can you do something about the sitting room, it's absolutely freezing",zone_living,temperature,increase,strong,template_train
we're sitting in the game room and it's freezing,zone_living,temperature,increase,strong,template_train
sweltering in the guest room again,zone_bedroom,temperature,decrease,strong,template_train
"can you do something about the bedroom, it's a little clammy",zone_bedroom,humidity,decrease,mild,template_train
it's been completely airless in the game room all day,zone_living,airflow,increase,strong,template_train
now it's absolutely freezin,UNSPECIFIED,temperature,increase,strong,template_train
front room is freezing,zone_living,temperature,increase,strong,template_train
it's been slightly breezy in the den all day,zone_living,airflow,decrease,mild,template_train
the bathroom is slightly breezy,zone_bathroom,airflow,decrease,mild,template_train
it's been a little too warm in the dining room all day,zone_common,temperature,decrease,mild,template_train
we're sitting in the kitchen and it's slightly stale,zone_kitchen,airflow,increase,mild,template_train
it's freezing,UNSPECIFIED,temperature,increase,strong,template_train
we're sitting in the bed room and it's drafty,zone_bedroom,airflow,decrease,moderate,template_train
"please fix the lobby, it's a little clammy",zone_common,humidity,decrease,mild,template_train
too drafty in the sitting room again,zone_living,airflow,decrease,moderate,template_train
the bath is slightly stale,zone_bathroom,airflow,increase,mild,template_train
its slightly breezy in here,UNSPECIFIED,airflow,decrease,mild,template_train
den is slightly stale,zone_living,airflow,increase,mild,template_train
we're sitting in the washroom and it's slightly stale,zone_bathroom,airflow,increase,mild,template_train
the dining area is like an icebox,zone_common,temperature,increase,strong,template_train
the hallway is a touch stuffy and warm,zone_common,temperature,decrease,mild,template_train
honestly it's just sticky,UNSPECIFIED,humidity,decrease,moderate,template_train
the den is really dry,zone_living,humidity,increase,moderate,template_train
"can you do something about the kitchen, it's so dry my throat hurts",zone_kitchen,humidity,increase,strong,template_train
we're sitting in the lounge and it's slightly dry,zone_living,humidity,increase,mild,template_train
"can you do something about the guest room, it's completely airless",zone_bedroom,airflow,increase,strong,template_train
really dry in the work room again,zone_office,humidity,increase,moderate,template_train
it's been way too cold in the study room all day,zone_office,temperature,increase,strong,template_train
"can you do something about the dining room, it's swampy",zone_common,humidity,decrease,strong,template_train
it's been a bit humid in the washroom all day,zone_bathroom,humidity,decrease,mild,template_train
too stuffy in the my son's room again,zone_bedroom,airflow,increase,moderate,template_train
"please fix the lobby, it's colder than I'd like",zone_common,temperature,increase,moderate,template_train
"can you do something about the guest room, it's a touch cold",zone_bedroom,temperature,increase,mild,template_train
it's been freezing in the kitchen all day,zone_kitchen,temperature,increase,strong,template_train
"please fix the mud room, its a bit humid",zone_common,humidity,decrease,mild,template_train
still unbearably muggy,UNSPECIFIED,humidity,decrease,strong,template_train
it's been quite hot in the work room all day,zone_office,temperature,decrease,moderate,template_train
the lobby is way too dry,zone_common,humidity,increase,strong,template_train
it's quite hot,UNSPECIFIED,temperature,decrease,moderate,template_train
we're sitting in the hallway and it's dry,zone_common,humidity,increase,moderate,template_train
it is way too cold in the bedroom,zone_bedroom,temperature,increase,strong,template_train
"can you do something about the washroom, it's suffocating",zone_bathroom,airflow,increase,strong,template_train
"please fix the den, it's completely airless",zone_living,airflow,increase,strong,template_train
"please fix the kitchen, it's warmer than I'd like",zone_kitchen,temperature,decrease,moderate,template_train
it is dry in the washroom,zone_bathroom,humidity,increase,moderate,template_train
work room is suffocating,zone_office,airflow,increase,strong,template_train
we're sitting in teh drawing hall and it's slightly warm,zone_living,temperature,decrease,mild,template_train
now it's completely airless,UNSPECIFIED,airflow,increase,strong,template_train
"please fix the bed room, it's too cold",zone_bedroom,temperature,increase,moderate,template_train
"please fix the bathroom, it's slightly dry",zone_bathroom,humidity,increase,mild,template_train
study room is quite cold,zone_office,temperature,increase,moderate,template_train
"please fix the washroom, it's really dry",zone_bathroom,humidity,increase,moderate,template_train
washroom is drafty,zone_bathroom,airflow,decrease,moderate,template_train
still freezing,UNSPECIFIED,temperature,increase,strong,template_train
teh lobby is unbearably hot,zone_common,temperature,decrease,strong,template_train
it's been like an icebox in the sitting room all day,zone_living,temperature,increase,strong,template_train
it's been too hot in the bathroom all day,zone_bathroom,temperature,decrease,moderate,template_train
"please fix the study, it's suffocating",zone_office,airflow,increase,strong,template_train
"can you do something about the master bedroom, it's freezing",zone_bedroom,temperature,increase,strong,template_train
work room is unbearably muggy,zone_office,humidity,decrease,strong,template_train
front room is so dry my throat hurts,zone_living,humidity,increase,strong,template_train
drawing hall is sweltering,zone_living,temperature,decrease,strong,template_train
it's been slightly stale in the my room all day,zone_bedroom,airflow,increase,mild,template_train
"please fix the work room, it's too hot",zone_office,temperature,decrease,moderate,template_train
lobby is unbearably hot,zone_common,temperature,decrease,strong,template_train
it is like a wind tunnel in the kitchen,zone_kitchen,airflow,decrease,strong,template_train
we're sitting in the washroom and it's completely airless,zone_bathroom,airflow,increase,strong,template_train
guest room is windy,zone_bedroom,airflow,decrease,moderate,template_train
"can you do something about the drawing hall, it's a bit humid",zone_living,humidity,decrease,mild,template_train
"can you do something about the my son's room, it's way too dry",zone_bedroom,humidity,increase,strong,template_train
"can you do something about the study, it's muggy",zone_office,humidity,decrease,moderate,template_train
sweltering in the bed room again,zone_bedroom,temperature,decrease,strong,template_train
it's colder than I'd like in here,UNSPECIFIED,temperature,increase,moderate,template_train
completely airless in the kitchen again,zone_kitchen,airflow,increase,strong,template_train
sitting room is humid,zone_living,humidity,decrease,moderate,template_train
now it's sticky,UNSPECIFIED,humidity,decrease,moderate,template_train
it's been boiling in the sitting room all day,zone_living,temperature,decrease,strong,template_train
teh bathroom is quite cold,zone_bathroom,temperature,increase,moderate,template_train
we're sitting in the bedroom and it's so dry my throat hurts,zone_bedroom,humidity,increase,strong,template_train
it's been suffocating in the washroom all day,zone_bathroom,airflow,increase,strong,template_train
sitting room is slightly stale,zone_living,airflow,increase,mild,template_train
it is sticky in the my son's room,zone_bedroom,humidity,decrease,moderate,template_train
we're sitting in the hallway and it's so dry my throat hurts,zone_common,humidity,increase,strong,template_train
"can you do something about the work room, it's dry",zone_office,humidity,increase,moderate,template_train
its unbearably muggy,UNSPECIFIED,humidity,decrease,strong,template_train
it's been like an icebox in the dining area all day,zone_common,temperature,increase,strong,template_train
we're sitting in the mud room and it's a touch stuffy and warm,zone_common,temperature,decrease,mild,template_train
kitchen is humid,zone_kitchen,humidity,decrease,moderate,template_train
"can you do something about the study, it's way too dry",zone_office,humidity,increase,strong,template_train
it is so dry my throat hurts in the mud room,zone_common,humidity,increase,strong,template_train
it's been a bit humid in the dining room all day,zone_common,humidity,decrease,mild,template_train
it's been a little too warm in the work room all day,zone_office,temperature,decrease,mild,template_train
it's been muggy in the lobby all day,zone_common,humidity,decrease,moderate,template_train
"please fix teh study, it's too hot",zone_office,temperature,decrease,moderate,template_train
we're sitting in the study and it's sticky,zone_office,humidity,decrease,moderate,template_train
the drawing hall is warmer than I'd like,zone_living,temperature,decrease,moderate,template_train
now it's humid,UNSPECIFIED,humidity,decrease,moderate,template_train
it is really dry in the work room,zone_office,humidity,increase,moderate,template_train
study is slightly breezy,zone_office,airflow,decrease,mild,template_train
honestly it's just way too hot,UNSPECIFIED,temperature,decrease,strong,template_train
it's been humid in the kitchen all day,zone_kitchen,humidity,decrease,moderate,template_train
dry in the game room again,zone_living,humidity,increase,moderate,template_train
it's colder than I'd like again in here,UNSPECIFIED,temperature,increase,moderate,template_train
"please fix the dining area, it's slightly breezy",zone_common,airflow,decrease,mild,template_train
it's drafty again in here,UNSPECIFIED,airflow,decrease,moderate,template_train
"can you do something about the work room, it's a bit humid",zone_office,humidity,decrease,mild,template_train
"please fix the work room, it's suffocating",zone_office,airflow,increase,strong,template_train
we're sitting in the bed room and it's completely airless,zone_bedroom,airflow,increase,strong,template_train
now it's like an icebox,UNSPECIFIED,temperature,increase,strong,template_train
swampy in the mud room again,zone_common,humidity,decrease,strong,template_train
"please fix teh dining area, it's drafty",zone_common,airflow,decrease,moderate,template_train
drafty in the my son's room again,zone_bedroom,airflow,decrease,moderate,template_train
washroom is too drafty,zone_bathroom,airflow,decrease,moderate,template_train
it is a touch stuffy and warm in the den,zone_living,temperature,decrease,mild,template_train
too cold in the mud room again,zone_common,temperature,increase,moderate,template_train
it's been warmer than I'd like in the den all day,zone_living,temperature,decrease,moderate,template_train
"please fix the dining room, it's slightly stale",zone_common,airflow,increase,mild,template_train
it's quite cold in here,UNSPECIFIED,temperature,increase,moderate,template_train
blasting air everywhere in the game room again,zone_living,airflow,decrease,strong,template_train
still quite cold,UNSPECIFIED,temperature,increase,moderate,template_train
it is way too dry in the game room,zone_living,humidity,increase,strong,template_train
the master bedroom is slightly breezy,zone_bedroom,airflow,decrease,mild,template_train
the kitchen is slightly warm,zone_kitchen,temperature,decrease,mild,template_train
its too cold in here,UNSPECIFIED,temperature,increase,moderate,template_train
kitchen is blasting air everywhere,zone_kitchen,airflow,decrease,strong,template_train
it is quite cold in the lobby,zone_common,temperature,increase,moderate,template_train
still suffocating,UNSPECIFIED,airflow,increase,strong,template_train
the work room is way too cold,zone_office,temperature,increase,strong,template_train
"can you do something about the work room, it's too hot",zone_office,temperature,decrease,moderate,template_train
it's unbearably muggy in here,UNSPECIFIED,humidity,decrease,strong,template_train
the bath is humid,zone_bathroom,humidity,decrease,moderate,template_train
it's a bit chilly again in here,UNSPECIFIED,temperature,increase,mild,template_train
like a wind tunnel in the work room again,zone_office,airflow,decrease,strong,template_train
"please fix the work room, it's sticky",zone_office,humidity,decrease,moderate,template_train
quite hot in the study again,zone_office,temperature,decrease,moderate,template_train
it's been windy in the dining area all day,zone_common,airflow,decrease,moderate,template_train
it's been blasting air everywhere in the dining room all day,zone_common,airflow,decrease,strong,template_train
"please fix the front room, it's unbearably muggy",zone_living,humidity,decrease,strong,template_train
"can you do something about the kitchen, it's slightly stale",zone_kitchen,airflow,increase,mild,template_train
"please fix the my room, it's slightly stale",zone_bedroom,airflow,increase,mild,template_train
still blasting air everywhere,UNSPECIFIED,airflow,decrease,strong,template_train
we're sitting in the dining room and it's slightly dry,zone_common,humidity,increase,mild,template_train
a little clammy in the kitchen again,zone_kitchen,humidity,decrease,mild,template_train
it's swampy in here,UNSPECIFIED,humidity,decrease,strong,template_train
it is warmer than I'd like in the hallway,zone_common,temperature,decrease,moderate,template_train
kitchen is a little too warm,zone_kitchen,temperature,decrease,mild,template_train
we're sitting in the den and it's slightly dry,zone_living,humidity,increase,mild,template_train
"can you do something about the bath, it's colder than I'd like",zone_bathroom,temperature,increase,moderate,template_train
getting airless,UNSPECIFIED,airflow,increase,moderate,template_train
"please fix teh bathroom, it's really dry",zone_bathroom,humidity,increase,moderate,template_train
way too cold in the study again,zone_office,temperature,increase,strong,template_train
"can you do something about the sitting room, it's a touch cold",zone_living,temperature,increase,mild,template_train
it's been really dry in the study room all day,zone_office,humidity,increase,moderate,template_train
we're sitting in the lounge and it's blasting air everywhere,zone_living,airflow,decrease,strong,template_train
it's been so dry my throat hurts in the study all day,zone_office,humidity,increase,strong,template_train
still windy,UNSPECIFIED,airflow,decrease,moderate,template_train
it's been quite hot in the study all day,zone_office,temperature,decrease,moderate,template_train
the sitting room is too stuffy,zone_living,airflow,increase,moderate,template_train
it's a little cold,UNSPECIFIED,temperature,increase,mild,template_train
"please fix the washroom, it's sticky",zone_bathroom,humidity,decrease,moderate,template_train
bath is slightly stale,zone_bathroom,airflow,increase,mild,template_train
it's been slightly breezy in the drawing hall all day,zone_living,airflow,decrease,mild,template_train
"please fix teh bath, it's dripping with humidity",zone_bathroom,humidity,decrease,strong,template_train
we're sitting in the bath and it's too drafty,zone_bathroom,airflow,decrease,moderate,template_train
the work room is slightly breezy,zone_office,airflow,decrease,mild,template_train
"please fix the den, it's slightly warm",zone_living,temperature,decrease,mild,template_train
it is suffocating in the kitchen,zone_kitchen,airflow,increase,strong,template_train
it's been windy in the kitchen all day,zone_kitchen,airflow,decrease,moderate,template_train
"can you do something about the washroom, it's dripping with humidity",zone_bathroom,humidity,decrease,strong,template_train
it is quite cold in the hallway,zone_common,temperature,increase,moderate,template_train
we're sitting in the bedroom and it's too cold,zone_bedroom,temperature,increase,moderate,template_train
it's warmer than I'd like,UNSPECIFIED,temperature,decrease,moderate,template_train
the den is way too cold,zone_living,temperature,increase,strong,template_train
unbearably hot in the washroom again,zone_bathroom,temperature,decrease,strong,template_train
"can you do something about the lounge, it's like an icebox",zone_living,temperature,increase,strong,template_train
slightly breezy in the hallway again,zone_common,airflow,decrease,mild,template_train
the my son's room is a bit humid,zone_bedroom,humidity,decrease,mild,template_train
getting humid,UNSPECIFIED,humidity,decrease,moderate,template_train
it is like an icebox in the sitting room,zone_living,temperature,increase,strong,template_train
"can you do something about the game room, it's way too dry",zone_living,humidity,increase,strong,template_train
master bedroom is slightly warm,zone_bedroom,temperature,decrease,mild,template_train
it's been humid in the bath all day,zone_bathroom,humidity,decrease,moderate,template_train
"can you do something about the study, it's way too cold",zone_office,temperature,increase,strong,template_train
it's been slightly stale in the game room all day,zone_living,airflow,increase,mild,template_train
quite hot in the study room again,zone_office,temperature,decrease,moderate,template_train
now it's not enough air moving,UNSPECIFIED,airflow,increase,moderate,template_train
honestly it's just windy,UNSPECIFIED,airflow,decrease,moderate,template_train
study room is swampy,zone_office,humidity,decrease,strong,template_train
the kitchen is airless,zone_kitchen,airflow,increase,moderate,template_train
the kitchen is so dry my throat hurts,zone_kitchen,humidity,increase,strong,template_train
the bath is slightly breezy,zone_bathroom,airflow,decrease,mild,template_train
"please fix the dining room, it's way too cold",zone_common,temperature,increase,strong,template_train
it is way too dry in the my son's room,zone_bedroom,humidity,increase,strong,template_train
it's boiling again in here,UNSPECIFIED,temperature,decrease,strong,template_train
now it's unbearably muggy,UNSPECIFIED,humidity,decrease,strong,template_train
slightly warm in the study room again,zone_office,temperature,decrease,mild,template_train
muggy in the my son's room again,zone_bedroom,humidity,decrease,moderate,template_train
slightly dry in the study room again,zone_office,humidity,increase,mild,template_train
washroom is suffocating,zone_bathroom,airflow,increase,strong,template_train
boiling in the work room again,zone_office,temperature,decrease,strong,template_train
the living room is too drafty,zone_living,airflow,decrease,moderate,template_train
now it's really dry,UNSPECIFIED,humidity,increase,moderate,template_train
the work room is a touch cold,zone_office,temperature,increase,mild,template_train
"can you do something about the study room, it's slightly stale",zone_office,airflow,increase,mild,template_train
it is muggy in the mud room,zone_common,humidity,decrease,moderate,template_train
"can you do something about the my room, it's not enough air moving",zone_bedroom,airflow,increase,moderate,template_train
"please fix the drawing hall, it's way too dry",zone_living,humidity,increase,strong,template_train
it's been colder than I'd like in the kitchen all day,zone_kitchen,temperature,increase,moderate,template_train
it is drafty in the work room,zone_office,airflow,decrease,moderate,template_train
drawing hall is unbearably muggy,zone_living,humidity,decrease,strong,template_train
"can you do something about the bath, it's completely airless",zone_bathroom,airflow,increase,strong,template_train
a little too warm in the my room again,zone_bedroom,temperature,decrease,mild,template_train
it's been so dry my throat hurts in the bath all day,zone_bathroom,humidity,increase,strong,template_train
"please fix the my room, it's boiling",zone_bedroom,temperature,decrease,strong,template_train
the bathroom is slightly stale,zone_bathroom,airflow,increase,mild,template_train
the dining area is airless,zone_common,airflow,increase,moderate,template_train
its been way too hot in the bed room all day,zone_bedroom,temperature,decrease,strong,template_train
it is slightly dry in the front room,zone_living,humidity,increase,mild,template_train
"can you do something about teh bedroom, it's way too dry",zone_bedroom,humidity,increase,strong,template_train
really dry in the sitting room again,zone_living,humidity,increase,moderate,template_train
"can you do something about the study room, it's boiling",zone_office,temperature,decrease,strong,template_train
it's been colder than I'd like in the dining room all day,zone_common,temperature,increase,moderate,template_train
"can you do something about the dining area, it's slightly breezy",zone_common,airflow,decrease,mild,template_train
washroom is blasting air everywhere,zone_bathroom,airflow,decrease,strong,template_train
it's been a touch cold in the my son's room all day,zone_bedroom,temperature,increase,mild,template_train
"please fix the bathroom, it's a bit humid",zone_bathroom,humidity,decrease,mild,template_train
"please fix the game room, it's swampy",zone_living,humidity,decrease,strong,template_train
it is drafty in the lobby,zone_common,airflow,decrease,moderate,template_train
it's like a wind tunnel again in here,UNSPECIFIED,airflow,decrease,strong,template_train
"please fix the study room, it's a little cold",zone_office,temperature,increase,mild,template_train
we're sitting in the guest room and it's swampy,zone_bedroom,humidity,decrease,strong,template_train
it is way too cold in the work room,zone_office,temperature,increase,strong,template_train
it is a touch cold in the dining room,zone_common,temperature,increase,mild,template_train
way too dry in the bathroom again,zone_bathroom,humidity,increase,strong,template_train
the study room is a little clammy,zone_office,humidity,decrease,mild,template_train
we're sitting in the mud room and it's swampy,zone_common,humidity,decrease,strong,template_train
its been slightly breezy in the kitchen all day,zone_kitchen,airflow,decrease,mild,template_train
slightly stale in the work room again,zone_office,airflow,increase,mild,template_train
quite hot in the hallway again,zone_common,temperature,decrease,moderate,template_train
slightly dry in the kitchen again,zone_kitchen,humidity,increase,mild,template_train
it's muggy in here,UNSPECIFIED,humidity,decrease,moderate,template_train
still swampy,UNSPECIFIED,humidity,decrease,strong,template_train
it is unbearably muggy in the master bedroom,zone_bedroom,humidity,decrease,strong,template_train
boiling in the game room again,zone_living,temperature,decrease,strong,template_train
it's been slightly dry in the work room all day,zone_office,humidity,increase,mild,template_train
still too drafty,UNSPECIFIED,airflow,decrease,moderate,template_train
we're sitting in the kitchen and it's a little cold,zone_kitchen,temperature,increase,mild,template_train
we're sitting in the lobby and it's a bit humid,zone_common,humidity,decrease,mild,template_train
lounge is a little clammy,zone_living,humidity,decrease,mild,template_train
it is too drafty in the game room,zone_living,airflow,decrease,moderate,template_train
we're sitting in the my room and it's a bit humid,zone_bedroom,humidity,decrease,mild,template_train
"please fix teh lobby, it's too stuffy",zone_common,airflow,increase,moderate,template_train
it is so dry my throat hurts in teh kitchen,zone_kitchen,humidity,increase,strong,template_train
"please fix the washroom, it's a bit humid",zone_bathroom,humidity,decrease,mild,template_train
like an icebox in the bedroom again,zone_bedroom,temperature,increase,strong,template_train
the sitting room is slightly stale,zone_living,airflow,increase,mild,template_train
the washroom is dry,zone_bathroom,humidity,increase,moderate,template_train
too stuffy in the game room again,zone_living,airflow,increase,moderate,template_train
dry in the sitting room again,zone_living,humidity,increase,moderate,template_train
the front room is slightly stale,zone_living,airflow,increase,mild,template_train
bath is so dry my throat hurts,zone_bathroom,humidity,increase,strong,template_train
"can you do something about the den, it's really dry",zone_living,humidity,increase,moderate,template_train
we're sitting in the living room and its dripping with humidity,zone_living,humidity,decrease,strong,template_train
"please fix the hallway, it's slightly breezy",zone_common,airflow,decrease,mild,template_train
way too dry in the lobby again,zone_common,humidity,increase,strong,template_train
it's been suffocating in the mud room all day,zone_common,airflow,increase,strong,template_train
it's been too stuffy in the bedroom all day,zone_bedroom,airflow,increase,moderate,template_train
slightly stale in the lounge again,zone_living,airflow,increase,mild,template_train
it is suffocating in the my son's room,zone_bedroom,airflow,increase,strong,template_train
it is freezing in the dining area,zone_common,temperature,increase,strong,template_train
it's been slightly stale in the kitchen all day,zone_kitchen,airflow,increase,mild,template_train
it's been too hot in the kitchen all day,zone_kitchen,temperature,decrease,moderate,template_train
it is like a wind tunnel in the dining area,zone_common,airflow,decrease,strong,template_train
really dry in the washroom again,zone_bathroom,humidity,increase,moderate,template_train
we're sitting in the bathroom and it's boiling,zone_bathroom,temperature,decrease,strong,template_train
the front room is colder than I'd like,zone_living,temperature,increase,moderate,template_train
we're sitting in the sitting room and its slightly warm,zone_living,temperature,decrease,mild,template_train
"can you do something about the my room, it's way too dry",zone_bedroom,humidity,increase,strong,template_train
honestly it's just warmer than I'd like,UNSPECIFIED,temperature,decrease,moderate,template_train
the sitting room is sweltering,zone_living,temperature,decrease,strong,template_train
it is swampy in the lobby,zone_common,humidity,decrease,strong,template_train
still too hot,UNSPECIFIED,temperature,decrease,moderate,template_train
completely airless in the mud room again,zone_common,airflow,increase,strong,template_train
it's been warmer than I'd like in the bath all day,zone_bathroom,temperature,decrease,moderate,template_train
a little clammy in the study room again,zone_office,humidity,decrease,mild,template_train
"please fix the study, it's drafty",zone_office,airflow,decrease,moderate,template_train
its been too drafty in the study room all day,zone_office,airflow,decrease,moderate,template_train
suffocating in the guest room again,zone_bedroom,airflow,increase,strong,template_train
hallway is humid,zone_common,humidity,decrease,moderate,template_train
the study is unbearably hot,zone_office,temperature,decrease,strong,template_train
it's been way too cold in the dining room all day,zone_common,temperature,increase,strong,template_train
"please fix the bedroom, it's quite hot",zone_bedroom,temperature,decrease,moderate,template_train
it is a bit humid in the drawing hall,zone_living,humidity,decrease,mild,template_train
unbearably muggy in the bathroom again,zone_bathroom,humidity,decrease,strong,template_train
now it's too hot,UNSPECIFIED,temperature,decrease,moderate,template_train
it's like an icebox,UNSPECIFIED,temperature,increase,strong,template_train
we're sitting in the bath and it's slightly stale,zone_bathroom,airflow,increase,mild,template_train
bed room is dripping with humidity,zone_bedroom,humidity,decrease,strong,template_train
the work room is freezing,zone_office,temperature,increase,strong,template_train
unbearably hot in the study room again,zone_office,temperature,decrease,strong,template_train
the bathroom is a little too warm,zone_bathroom,temperature,decrease,mild,template_train
it's been too drafty in the kitchen all day,zone_kitchen,airflow,decrease,moderate,template_train
honestly it's just dripping with humidity,UNSPECIFIED,humidity,decrease,strong,template_train
"please fix the guest room, it's slightly stale",zone_bedroom,airflow,increase,mild,template_train
humid in the game room again,zone_living,humidity,decrease,moderate,template_train
it's windy in here,UNSPECIFIED,airflow,decrease,moderate,template_train
"can you do something about the kitchen, it's drafty",zone_kitchen,airflow,decrease,moderate,template_train
it's boiling in here,UNSPECIFIED,temperature,decrease,strong,template_train
now it's dripping with humidity,UNSPECIFIED,humidity,decrease,strong,template_train
quite cold in the hallway again,zone_common,temperature,increase,moderate,template_train
it's been slightly warm in the dining area all day,zone_common,temperature,decrease,mild,template_train
"can you do something about the kitchen, it's windy",zone_kitchen,airflow,decrease,moderate,template_train
it's too cold again in here,UNSPECIFIED,temperature,increase,moderate,template_train
it's been slightly warm in the bathroom all day,zone_bathroom,temperature,decrease,mild,template_train
"please fix the mud room, it's so dry my throat hurts",zone_common,humidity,increase,strong,template_train
it's been quite cold in the study room all day,zone_office,temperature,increase,moderate,template_train
the bedrom is slightly stale,zone_bedroom,airflow,increase,mild,template_train
it's been sticky in the study all day,zone_office,humidity,decrease,moderate,template_train
"please fix the dining area, it's slightly dry",zone_common,humidity,increase,mild,template_train
the study is so dry my throat hurts,zone_office,humidity,increase,strong,template_train
the bathroom is too cold,zone_bathroom,temperature,increase,moderate,template_train
its slightly dry in here,UNSPECIFIED,humidity,increase,mild,template_train
the bathroom is completely airless,zone_bathroom,airflow,increase,strong,template_train
a touch cold in the kitchen again,zone_kitchen,temperature,increase,mild,template_train
warmer than I'd like in the drawing hall again,zone_living,temperature,decrease,moderate,template_train
it's been a little cold in the mud room all day,zone_common,temperature,increase,mild,template_train
it's been slightly breezy in the game room all day,zone_living,airflow,decrease,mild,template_train
we're sitting in teh bed room and it's swampy,zone_bedroom,humidity,decrease,strong,template_train
mud room is so dry my throat hurts,zone_common,humidity,increase,strong,template_train
"please fix the my son's room, it's slightly breezy",zone_bedroom,airflow,decrease,mild,template_train
the guest room is slightly breezy,zone_bedroom,airflow,decrease,mild,template_train
windy in the study room again,zone_office,airflow,decrease,moderate,template_train
we're sitting in the guest room and it's drafty,zone_bedroom,airflow,decrease,moderate,template_train
"please fix the master bedroom, it's a little cold",zone_bedroom,temperature,increase,mild,template_train
we're sitting in the bed room and it's slightly dry,zone_bedroom,humidity,increase,mild,template_train
a little too warm in the bathroom again,zone_bathroom,temperature,decrease,mild,template_train
"please fix the bathroom, it's sweltering",zone_bathroom,temperature,decrease,strong,template_train
it's been a bit humid in the den all day,zone_living,humidity,decrease,mild,template_train
so dry my throat hurts in the study again,zone_office,humidity,increase,strong,template_train
lobby is colder than I'd like,zone_common,temperature,increase,moderate,template_train
study is a bit chilly,zone_office,temperature,increase,mild,template_train
a bit humid in the bed room again,zone_bedroom,humidity,decrease,mild,template_train
guest room is boiling,zone_bedroom,temperature,decrease,strong,template_train
the study room is colder than I'd like,zone_office,temperature,increase,moderate,template_train
it's been really dry in the lounge all day,zone_living,humidity,increase,moderate,template_train
"please fix the master bedroom, it's absolutely freezing",zone_bedroom,temperature,increase,strong,template_train
we're sitting in the bed room and it's too drafty,zone_bedroom,airflow,decrease,moderate,template_train
we're sitting in the hallway and its drafty,zone_common,airflow,decrease,moderate,template_train
we're sitting in the hallway and it's like an icebox,zone_common,temperature,increase,strong,template_train
it's a touch stuffy and warm,UNSPECIFIED,temperature,decrease,mild,template_train
a little clammy in the dining room again,zone_common,humidity,decrease,mild,template_train
it is like a wind tunnel in the living room,zone_living,airflow,decrease,strong,template_train
my room is slightly dry,zone_bedroom,humidity,increase,mild,template_train
its been like a wind tunnel in the bath all day,zone_bathroom,airflow,decrease,strong,template_train
absolutely freezing in the washroom again,zone_bathroom,temperature,increase,strong,template_train
"can you do something about the work room, it's boiling",zone_office,temperature,decrease,strong,template_train
"please fix the bath, it's a little cold",zone_bathroom,temperature,increase,mild,template_train
we're sitting in the kitchen and it's too drafty,zone_kitchen,airflow,decrease,moderate,template_train
drawing hall is sticky,zone_living,humidity,decrease,moderate,template_train
it is a little clammy in the study room,zone_office,humidity,decrease,mild,template_train
we're sitting in the mud room and it's slightly warm,zone_common,temperature,decrease,mild,template_train
drawing hall is a touch stuffy and warm,zone_living,temperature,decrease,mild,template_train
honestly it's just too cold,UNSPECIFIED,temperature,increase,moderate,template_train
it is windy in the work room,zone_office,airflow,decrease,moderate,template_train
we're sitting in the mud room and it's dry,zone_common,humidity,increase,moderate,template_train
hallway is like an icebox,zone_common,temperature,increase,strong,template_train
"please fix the front room, it's boiling",zone_living,temperature,decrease,strong,template_train
the bathroom is warmer than I'd like,zone_bathroom,temperature,decrease,moderate,template_train
we're sitting in the bathroom and it's unbearably hot,zone_bathroom,temperature,decrease,strong,template_train
the bedroom is a little too warm,zone_bedroom,temperature,decrease,mild,template_train
it's been too stuffy in the hallway all day,zone_common,airflow,increase,moderate,template_train
we're sitting in the lobby and it's really dry,zone_common,humidity,increase,moderate,template_train
it is way too cold in the front room,zone_living,temperature,increase,strong,template_train
way too dry in the dining room again,zone_common,humidity,increase,strong,template_train
"please fix the dining area, its freezing",zone_common,temperature,increase,strong,template_train
we're sitting in the drawing hall and it's too stuffy,zone_living,airflow,increase,moderate,template_train
it is unbearably hot in the study,zone_office,temperature,decrease,strong,template_train
"can you do something about the washroom, it's warmer than I'd like",zone_bathroom,temperature,decrease,moderate,template_train
"please fix the front room, it's like a wind tunnel",zone_living,airflow,decrease,strong,template_train
the kitchen is windy,zone_kitchen,airflow,decrease,moderate,template_train
it's been dry in the kitchn all day,zone_kitchen,humidity,increase,moderate,template_train
getting windy,UNSPECIFIED,airflow,decrease,moderate,template_train
"can you do something about the master bedroom, it's a little clammy",zone_bedroom,humidity,decrease,mild,template_train
it's been slightly stale in the bath all day,zone_bathroom,airflow,increase,mild,template_train
its way too dry in here,UNSPECIFIED,humidity,increase,strong,template_train
the sitting room is slightly breezy,zone_living,airflow,decrease,mild,template_train
kitchen is a little cold,zone_kitchen,temperature,increase,mild,template_train
it is a bit humid in the bedroom,zone_bedroom,humidity,decrease,mild,template_train
we're sitting in the study room and it's a bit chilly,zone_office,temperature,increase,mild,template_train
we're sitting in the bathroom and it's warmer than I'd like,zone_bathroom,temperature,decrease,moderate,template_train
a little cold in the my room again,zone_bedroom,temperature,increase,mild,template_train
it is slightly breezy in the work room,zone_office,airflow,decrease,mild,template_train
its been blasting air everywhere in the kitchen all day,zone_kitchen,airflow,decrease,strong,template_train
the front room is way too dry,zone_living,humidity,increase,strong,template_train
the kitchen is blasting air everywhere,zone_kitchen,airflow,decrease,strong,template_train
it's been quite cold in the my son's room all day,zone_bedroom,temperature,increase,moderate,template_train
it is quite hot in the my son's room,zone_bedroom,temperature,decrease,moderate,template_train
sweltering in the master bedroom again,zone_bedroom,temperature,decrease,strong,template_train
it is way too dry in the work room,zone_office,humidity,increase,strong,template_train
"please fix the my room, it's drafty",zone_bedroom,airflow,decrease,moderate,template_train
we're sitting in the front room and it's quite hot,zone_living,temperature,decrease,moderate,template_train
"please fix the kitchen, it's a bit chilly",zone_kitchen,temperature,increase,mild,template_train
it is not enough air moving in the master bedroom,zone_bedroom,airflow,increase,moderate,template_train
the drawing hall is like a wind tunnel,zone_living,airflow,decrease,strong,template_train
it is dry in the bathroom,zone_bathroom,humidity,increase,moderate,template_train
the washroom is slightly dry,zone_bathroom,humidity,increase,mild,template_train
"can you do something about the hallway, it's a little clammy",zone_common,humidity,decrease,mild,template_train
"please fix teh study, it's a little too warm",zone_office,temperature,decrease,mild,template_train
slightly stale in the washroom again,zone_bathroom,airflow,increase,mild,template_train
humid in the bed room again,zone_bedroom,humidity,decrease,moderate,template_train
it is windy in the lounge,zone_living,airflow,decrease,moderate,template_train
the drawing hall is dry,zone_living,humidity,increase,moderate,template_train
humid in the work room again,zone_office,humidity,decrease,moderate,template_train
we're sitting in the bathroom and it's a bit chilly,zone_bathroom,temperature,increase,mild,template_train
its been suffocating in the bed room all day,zone_bedroom,airflow,increase,strong,template_train
it is absolutely freezing in teh dining room,zone_common,temperature,increase,strong,template_train
the kitchen is a touch stuffy and warm,zone_kitchen,temperature,decrease,mild,template_train
it's been swampy in the my son's room all day,zone_bedroom,humidity,decrease,strong,template_train
we're sitting in the study room and it's too drafty,zone_office,airflow,decrease,moderate,template_train
we're sitting in the my son's room and it's dry,zone_bedroom,humidity,increase,moderate,template_train
"can you do something about the work room, it's completely airless",zone_office,airflow,increase,strong,template_train
"can you do something about the bed room, it's slightly breezy",zone_bedroom,airflow,decrease,mild,template_train
study room is a little too warm,zone_office,temperature,decrease,mild,template_train
it's been dry in the study all day,zone_office,humidity,increase,moderate,template_train
sitting room is completely airless,zone_living,airflow,increase,strong,template_train
"please fix teh kitchen, it's sweltering",zone_kitchen,temperature,decrease,strong,template_train
now it's suffocating,UNSPECIFIED,airflow,increase,strong,template_train
"can you do something about the bath, its quite hot",zone_bathroom,temperature,decrease,moderate,template_train
quite hot in teh study again,zone_office,temperature,decrease,moderate,template_train
its slightly breezy again in here,UNSPECIFIED,airflow,decrease,mild,template_train
"please fix teh guest room, it's unbearably hot",zone_bedroom,temperature,decrease,strong,template_train
we're sitting in the dining room and it's humid,zone_common,humidity,decrease,moderate,template_train
the mud room is like a wind tunnel,zone_common,airflow,decrease,strong,template_train
it's been a little too warm in the bathroom all day,zone_bathroom,temperature,decrease,mild,template_train
it is slightly dry in the lobby,zone_common,humidity,increase,mild,template_train
"please fix the dining room, it's slightly dry",zone_common,humidity,increase,mild,template_train
"please fix the kitchen, it's too drafty",zone_kitchen,airflow,decrease,moderate,template_train
"please fix the bath, it's boiling",zone_bathroom,temperature,decrease,strong,template_train
the den is completely airless,zone_living,airflow,increase,strong,template_train
we're sitting in the living room and it's a little clammy,zone_living,humidity,decrease,mild,template_train
we're sitting in the lobby and it's swampy,zone_common,humidity,decrease,strong,template_train
it's warmer than I'd like in here,UNSPECIFIED,temperature,decrease,moderate,template_train
"please fix the my son's room, it's a bit humid",zone_bedroom,humidity,decrease,mild,template_train
the kitchen is swampy,zone_kitchen,humidity,decrease,strong,template_train
"please fix the bedroom, it's like a wind tunnel",zone_bedroom,airflow,decrease,strong,template_train
the kitchen is a bit humid,zone_kitchen,humidity,decrease,mild,template_train
washroom is unbearably muggy,zone_bathroom,humidity,decrease,strong,template_train
the kitchen is not enough air moving,zone_kitchen,airflow,increase,moderate,template_train
the kitchen is dripping with humidity,zone_kitchen,humidity,decrease,strong,template_train
quite hot in the bed room again,zone_bedroom,temperature,decrease,moderate,template_train
the guest room is a bit humid,zone_bedroom,humidity,decrease,mild,template_train
we're sitting in the lounge and it's way too dry,zone_living,humidity,increase,strong,template_train
boiling in the kitchen again,zone_kitchen,temperature,decrease,strong,template_train
its been sweltering in the washroom all day,zone_bathroom,temperature,decrease,strong,template_train
we're sitting in the my son's room and it's slightly breezy,zone_bedroom,airflow,decrease,mild,template_train
warmer than I'd like in the kitchen again,zone_kitchen,temperature,decrease,moderate,template_train
bathroom is completely airless,zone_bathroom,airflow,increase,strong,template_train
"please fix the hallway, it's too hot",zone_common,temperature,decrease,moderate,template_train
"please fix the my son's room, its quite cold",zone_bedroom,temperature,increase,moderate,template_train
"can you do something about the mud room, it's slightly stale",zone_common,airflow,increase,mild,template_train
it's way too hot,UNSPECIFIED,temperature,decrease,strong,template_train
the my room is way too dry,zone_bedroom,humidity,increase,strong,template_train
humind in the kitchen again,zone_kitchen,humidity,decrease,moderate,template_train
bed room is slightly breezy,zone_bedroom,airflow,decrease,mild,template_train
"please fix the lobby, it's humid",zone_common,humidity,decrease,moderate,template_train
colder than I'd like in the dining area again,zone_common,temperature,increase,moderate,template_train
it is blasting air everywhere in the study room,zone_office,airflow,decrease,strong,template_train
it is really dry in the bedroom,zone_bedroom,humidity,increase,moderate,template_train
it's been sticky in the study room all day,zone_office,humidity,decrease,moderate,template_train
it's been swampy in the work room all day,zone_office,humidity,decrease,strong,template_train
so dry my throat hurts in the bed room again,zone_bedroom,humidity,increase,strong,template_train
the mud room is slightly stale,zone_common,airflow,increase,mild,template_train
it's been slightly dry in the den all day,zone_living,humidity,increase,mild,template_train
it's been absolutely freezing in the hallway all day,zone_common,temperature,increase,strong,template_train
quite hot in the guest room again,zone_bedroom,temperature,decrease,moderate,template_train
it's been a touch stuffy and warm in teh front room all day,zone_living,temperature,decrease,mild,template_train
it is unbearably hot in the lobby,zone_common,temperature,decrease,strong,template_train
it is boiling in the my room,zone_bedroom,temperature,decrease,strong,template_train
study is blasting air everywhere,zone_office,airflow,decrease,strong,template_train
getting like an icebox,UNSPECIFIED,temperature,increase,strong,template_train
"can you do something about the my room, it's slightly breezy",zone_bedroom,airflow,decrease,mild,template_train
it is dripping with humidity in the study,zone_office,humidity,decrease,strong,template_train
now its windy,UNSPECIFIED,airflow,decrease,moderate,template_train
a little cold in the guest room again,zone_bedroom,temperature,increase,mild,template_train
study room is so dry my throat hurts,zone_office,humidity,increase,strong,template_train
study room is completely airless,zone_office,airflow,increase,strong,template_train
we're sitting in the washroom and it's colder than I'd like,zone_bathroom,temperature,increase,moderate,template_train
"can you do something about the drawing hall, it's quite hot",zone_living,temperature,decrease,moderate,template_train
"can you do something about the study room, it's slightly warm",zone_office,temperature,decrease,mild,template_train
the kitchen is colder than I'd like,zone_kitchen,temperature,increase,moderate,template_train
really dry in the kitchen again,zone_kitchen,humidity,increase,moderate,template_train
the dining area is a bit humid,zone_common,humidity,decrease,mild,template_train
"can you do something about the washroom, it's way too hot",zone_bathroom,temperature,decrease,strong,template_train
it is slightly warm in teh my room,zone_bedroom,temperature,decrease,mild,template_train
my room is too drafty,zone_bedroom,airflow,decrease,moderate,template_train
study room is a bit humid,zone_office,humidity,decrease,mild,template_train
slightly breezy in the living room again,zone_living,airflow,decrease,mild,template_train
it's been airless in the hallway all day,zone_common,airflow,increase,moderate,template_train
we're sitting in the living room and it's drafty,zone_living,airflow,decrease,moderate,template_train
it's been a touch cold in the bathroom all day,zone_bathroom,temperature,increase,mild,template_train
we're sitting in the study room and it's slightly stale,zone_office,airflow,increase,mild,template_train
the kitchen is warmer than I'd like,zone_kitchen,temperature,decrease,moderate,template_train
the front room is warmer than I'd like,zone_living,temperature,decrease,moderate,template_train
"please fix the my son's room, it's like an icebox",zone_bedroom,temperature,increase,strong,template_train
"can you do something about the living room, it's a little too warm",zone_living,temperature,decrease,mild,template_train
swampy in the bathroom again,zone_bathroom,humidity,decrease,strong,template_train
"please fix the study room, it's blasting air everywhere",zone_office,airflow,decrease,strong,template_train
we're sitting in the kitchen and it's absolutely freezing,zone_kitchen,temperature,increase,strong,template_train
"please fix the bedroom, it's too drafty",zone_bedroom,airflow,decrease,moderate,template_train
it's been freezing in the work room all day,zone_office,temperature,increase,strong,template_train
"can you do something about the bathroom, it's suffocating",zone_bathroom,airflow,increase,strong,template_train
"please fix the lounge, it's quite hot",zone_living,temperature,decrease,moderate,template_train
"please fix the game room, it's dry",zone_living,humidity,increase,moderate,template_train
"can you do something about the washroom, it's way too cold",zone_bathroom,temperature,increase,strong,template_train
drawing hall is slightly breezy,zone_living,airflow,decrease,mild,template_train
its too drafty in here,UNSPECIFIED,airflow,decrease,moderate,template_train
it's been way too dry in the work room all day,zone_office,humidity,increase,strong,template_train
the den is dry,zone_living,humidity,increase,moderate,template_train
we're sitting in the game room and it's humid,zone_living,humidity,decrease,moderate,template_train
"please fix the bed room, it's swampy",zone_bedroom,humidity,decrease,strong,template_train
it is slightly dry in the master bedroom,zone_bedroom,humidity,increase,mild,template_train
"please fix the dining area, it's really dry",zone_common,humidity,increase,moderate,template_train
"can you do something about teh kitchen, it's like a wind tunnel",zone_kitchen,airflow,decrease,strong,template_train
slightly dry in the work room again,zone_office,humidity,increase,mild,template_train
way too cold in the bed room again,zone_bedroom,temperature,increase,strong,template_train
dining area is suffocating,zone_common,airflow,increase,strong,template_train
it is too cold in teh game room,zone_living,temperature,increase,moderate,template_train
it is freezing in the bathroom,zone_bathroom,temperature,increase,strong,template_train
it is slightly breezy in the lounge,zone_living,airflow,decrease,mild,template_train
quite cold in the study again,zone_office,temperature,increase,moderate,template_train
we're sitting in the kitchen and it's like a wind tunnel,zone_kitchen,airflow,decrease,strong,template_train
my son's room is a little cold,zone_bedroom,temperature,increase,mild,template_train
the study room is way too dry,zone_office,humidity,increase,strong,template_train
it is too hot in the bathroom,zone_bathroom,temperature,decrease,moderate,template_train
bath is slightly breezy,zone_bathroom,airflow,decrease,mild,template_train
we're sitting in the my son's room and it's drafty,zone_bedroom,airflow,decrease,moderate,template_train
we're sitting in teh bath and it's sticky,zone_bathroom,humidity,decrease,moderate,template_train
windy in teh bedroom again,zone_bedroom,airflow,decrease,moderate,template_train
the mud room is sticky,zone_common,humidity,decrease,moderate,template_train
we're sitting in the study and it's suffocating,zone_office,airflow,increase,strong,template_train
we're sitting in the my son's room and it's a little clammy,zone_bedroom,humidity,decrease,mild,template_train
"please fix the den, it's unbearably hot",zone_living,temperature,decrease,strong,template_train
it is unbearably muggy in the kitchen,zone_kitchen,humidity,decrease,strong,template_train
"can you do something about the lobby, it's slightly breezy",zone_common,airflow,decrease,mild,template_train
sitting room is sticky,zone_living,humidity,decrease,moderate,template_train
bath is a little cold,zone_bathroom,temperature,increase,mild,template_train
it's been slightly warm in the washroom all day,zone_bathroom,temperature,decrease,mild,template_train
it's been too drafty in the lobby all day,zone_common,airflow,decrease,moderate,template_train
we're sitting in the sitting room and it's so dry my throat hurts,zone_living,humidity,increase,strong,template_train
it is slightly breezy in the bed room,zone_bedroom,airflow,decrease,mild,template_train
swampy in the bed room again,zone_bedroom,humidity,decrease,strong,template_train
we're sitting in the my son's room and it's muggy,zone_bedroom,humidity,decrease,moderate,template_train
"can you do something about the work room, it's a little clammy",zone_office,humidity,decrease,mild,template_train
it's been way too hot in the sitting room all day,zone_living,temperature,decrease,strong,template_train
we're sitting in the lounge and it's not enough air moving,zone_living,airflow,increase,moderate,template_train
study room is a little cold,zone_office,temperature,increase,mild,template_train
it's unbearably muggy,UNSPECIFIED,humidity,decrease,strong,template_train
"please fix the sitting room, it's a little clammy",zone_living,humidity,decrease,mild,template_train
too drafty in the kitchen again,zone_kitchen,airflow,decrease,moderate,template_train
the washroom is slightly warm,zone_bathroom,temperature,decrease,mild,template_train
"can you do something about the living room, it's way too hot",zone_living,temperature,decrease,strong,template_train
we're sitting in the game room and it's too stuffy,zone_living,airflow,increase,moderate,template_train
it is a bit humind in the my room,zone_bedroom,humidity,decrease,mild,template_train
the lounge is completely airless,zone_living,airflow,increase,strong,template_train
honestly it's just a little cold,UNSPECIFIED,temperature,increase,mild,template_train
"can you do something about the bathroom, it's really dry",zone_bathroom,humidity,increase,moderate,template_train
the bath is so dry my throat hurts,zone_bathroom,humidity,increase,strong,template_train
it is too drafty in teh hallway,zone_common,airflow,decrease,moderate,template_train
it's been unbearably hot in the work room all day,zone_office,temperature,decrease,strong,template_train
study room is sticky,zone_office,humidity,decrease,moderate,template_train
so dry my throat hurts in the game room again,zone_living,humidity,increase,strong,template_train
it is a bit humind in the study,zone_office,humidity,decrease,mild,template_train
it is a touch cold in the work room,zone_office,temperature,increase,mild,template_train
study is too hot,zone_office,temperature,decrease,moderate,template_train
we're sitting in the kitchen and its boiling,zone_kitchen,temperature,decrease,strong,template_train
the game room is blasting air everywhere,zone_living,airflow,decrease,strong,template_train
it's been boiling in the washroom all day,zone_bathroom,temperature,decrease,strong,template_train
kitchen is unbearably muggy,zone_kitchen,humidity,decrease,strong,template_train
it's been too hot in the study room all day,zone_office,temperature,decrease,moderate,template_train
"please fix the washroom, it's swampy",zone_bathroom,humidity,decrease,strong,template_train
"please fix the kitchen, it's quite hot",zone_kitchen,temperature,decrease,moderate,template_train
"can you do something about the work room, it's dripping with humidity",zone_office,humidity,decrease,strong,template_train
bathroom is a bit chilly,zone_bathroom,temperature,increase,mild,template_train
it's been completely airless in the mud room all day,zone_common,airflow,increase,strong,template_train
it is a bit chilly in the kitchen,zone_kitchen,temperature,increase,mild,template_train
honestly its just unbearably hot,UNSPECIFIED,temperature,decrease,strong,template_train
we're sitting in the guest room and it's windy,zone_bedroom,airflow,decrease,moderate,template_train
"can you do something about the bathroom, it's completely airless",zone_bathroom,airflow,increase,strong,template_train
it is not enough air moving in the bath,zone_bathroom,airflow,increase,moderate,template_train
it is slightly dry in the sitting room,zone_living,humidity,increase,mild,template_train
we're sitting in the kitchen and it's slightly dry,zone_kitchen,humidity,increase,mild,template_train
the master bedroom is drafty,zone_bedroom,airflow,decrease,moderate,template_train
a touch stuffy and warm in the study again,zone_office,temperature,decrease,mild,template_train
blasting air everywhere in the living room again,zone_living,airflow,decrease,strong,template_train
we're sitting in the front room and it's a touch stuffy and warm,zone_living,temperature,decrease,mild,template_train
"please fix teh dining area, it's slightly stale",zone_common,airflow,increase,mild,template_train
so dry my throat hurts in the work room again,zone_office,humidity,increase,strong,template_train
the kitchen is drafty,zone_kitchen,airflow,decrease,moderate,template_train
game room is a touch stuffy and warm,zone_living,temperature,decrease,mild,template_train
now it's a bit chilly,UNSPECIFIED,temperature,increase,mild,template_train
"can you do something about the bathroom, it's way too dry",zone_bathroom,humidity,increase,strong,template_train
"can you do something about the study room, it's muggy",zone_office,humidity,decrease,moderate,template_train
it's been too cold in teh bath all day,zone_bathroom,temperature,increase,moderate,template_train
"please fix the master bedroom, it's blasting air everywhere",zone_bedroom,airflow,decrease,strong,template_train
it's been slightly dry in the washroom all day,zone_bathroom,humidity,increase,mild,template_train
it is so dry my throat hurts in the dining room,zone_common,humidity,increase,strong,template_train
we're sitting in the lounge and it's sweltering,zone_living,temperature,decrease,strong,template_train
"can you do something about the mud room, it's a little cold",zone_common,temperature,increase,mild,template_train
"can you do something about the mud room, its slightly breezy",zone_common,airflow,decrease,mild,template_train
"can you do something about the mud room, it's colder than I'd like",zone_common,temperature,increase,moderate,template_train
"please fix the study room, it's slightly dry",zone_office,humidity,increase,mild,template_train
"can you do something about the guest room, it's a little clammy",zone_bedroom,humidity,decrease,mild,template_train
it is unbearably hot in the lounge,zone_living,temperature,decrease,strong,template_train
we're sitting in teh kitchen and it's freezing,zone_kitchen,temperature,increase,strong,template_train
the living room is like a wind tunnel,zone_living,airflow,decrease,strong,template_train
freezing in the study again,zone_office,temperature,increase,strong,template_train
"please fix the dining area, it's a little clammy",zone_common,humidity,decrease,mild,template_train
it is slightly stale in the mud room,zone_common,airflow,increase,mild,template_train
we're sitting in the study and it's sweltering,zone_office,temperature,decrease,strong,template_train
dry in the washroom again,zone_bathroom,humidity,increase,moderate,template_train
it's been colder than I'd like in the front room all day,zone_living,temperature,increase,moderate,template_train
it is slightly stale in the bathroom,zone_bathroom,airflow,increase,mild,template_train
we're sitting in the work room and it's slightly warm,zone_office,temperature,decrease,mild,template_train
washroom is quite hot,zone_bathroom,temperature,decrease,moderate,template_train
it's been slightly stale in the lobby all day,zone_common,airflow,increase,mild,template_train
it is slightly breezy in the bathroom,zone_bathroom,airflow,decrease,mild,template_train
"can you do something about the den, it's slightly warm",zone_living,temperature,decrease,mild,template_train
freezing in the work room again,zone_office,temperature,increase,strong,template_train
muggy in the study room again,zone_office,humidity,decrease,moderate,template_train
front room is swampy,zone_living,humidity,decrease,strong,template_train
it is like an icebox in the study,zone_office,temperature,increase,strong,template_train
living room is a little cold,zone_living,temperature,increase,mild,template_train
dining area is colder than I'd like,zone_common,temperature,increase,moderate,template_train
it's been slightly stale in the bathroom all day,zone_bathroom,airflow,increase,mild,template_train
absolutely freezing in the kitchen again,zone_kitchen,temperature,increase,strong,template_train
it's windy again in here,UNSPECIFIED,airflow,decrease,moderate,template_train
we're sitting in the bed room and it's way too dry,zone_bedroom,humidity,increase,strong,template_train
its really dry again in here,UNSPECIFIED,humidity,increase,moderate,template_train
its slightly dry,UNSPECIFIED,humidity,increase,mild,template_train
"can you do something about the washroom, it's slightly stale",zone_bathroom,airflow,increase,mild,template_train
it's been slightly breezy in the master bedroom all day,zone_bedroom,airflow,decrease,mild,template_train
"can you do something about the work room, it's really dry",zone_office,humidity,increase,moderate,template_train
the dining room is slightly stale,zone_common,airflow,increase,mild,template_train
"can you do something about the sitting room, it's unbearably hot",zone_living,temperature,decrease,strong,template_train
its been drafty in the bed room all day,zone_bedroom,airflow,decrease,moderate,template_train
we're sitting in the guest room and it's a bit humid,zone_bedroom,humidity,decrease,mild,template_train
we're sitting in the dining area and it's colder than I'd like,zone_common,temperature,increase,moderate,template_train
"please fix the game room, it's a touch stuffy and warm",zone_living,temperature,decrease,mild,template_train
"please fix the kitchen, its swampy",zone_kitchen,humidity,decrease,strong,template_train
"can you do something about the my room, it's swampy",zone_bedroom,humidity,decrease,strong,template_train
my son's room is quite hot,zone_bedroom,temperature,decrease,moderate,template_train
the work room is sticky,zone_office,humidity,decrease,moderate,template_train
it's been colder than I'd like in the work room all day,zone_office,temperature,increase,moderate,template_train
it is like an icebox in the washroom,zone_bathroom,temperature,increase,strong,template_train
teh kitchen is really dry,zone_kitchen,humidity,increase,moderate,template_train
we're sitting in the study room and it's slightly breezy,zone_office,airflow,decrease,mild,template_train
"please fix the dining room, it's slightly breezy",zone_common,airflow,decrease,mild,template_train
it is slightly breezy in the master bedroom,zone_bedroom,airflow,decrease,mild,template_train
"please fix the den, its slightly stale",zone_living,airflow,increase,mild,template_train
work room is slightly breezy,zone_office,airflow,decrease,mild,template_train
we're sitting in the washroom and it's muggy,zone_bathroom,humidity,decrease,moderate,template_train
way too cold in the front room again,zone_living,temperature,increase,strong,template_train
we're sitting in the work room and it's too drafty,zone_office,airflow,decrease,moderate,template_train
still really dry,UNSPECIFIED,humidity,increase,moderate,template_train
slightly stale in the dining room again,zone_common,airflow,increase,mild,template_train
"please fix the dining area, it's dry",zone_common,humidity,increase,moderate,template_train
the bathroom is slightly dry,zone_bathroom,humidity,increase,mild,template_train
it is like a wind tunnel in the dining room,zone_common,airflow,decrease,strong,template_train
getting so dry my throat hurts,UNSPECIFIED,humidity,increase,strong,template_train
still quite hot,UNSPECIFIED,temperature,decrease,moderate,template_train
it's been blasting air everywhere in the bedroom all day,zone_bedroom,airflow,decrease,strong,template_train
it is blasting air everywhere in the my son's room,zone_bedroom,airflow,decrease,strong,template_train
the kitchen is slightly stale,zone_kitchen,airflow,increase,mild,template_train
a little cold in the hallway again,zone_common,temperature,increase,mild,template_train
it's been suffocating in the work room all day,zone_office,airflow,increase,strong,template_train
it's been quite cold in the kitchen all day,zone_kitchen,temperature,increase,moderate,template_train
now it's way too cold,UNSPECIFIED,temperature,increase,strong,template_train
"can you do something about the drawing hall, it's too stuffy",zone_living,airflow,increase,moderate,template_train
completely airless in the front room again,zone_living,airflow,increase,strong,template_train
slightly stale in teh study again,zone_office,airflow,increase,mild,template_train
game room is drafty,zone_living,airflow,decrease,moderate,template_train
it's been windy in the study all day,zone_office,airflow,decrease,moderate,template_train
dining room is slightly warm,zone_common,temperature,decrease,mild,template_train
we're sitting in the master bedroom and it's completely airless,zone_bedroom,airflow,increase,strong,template_train
the drawing hall is quite cold,zone_living,temperature,increase,moderate,template_train
"can you do something about the front room, it's way too dry",zone_living,humidity,increase,strong,template_train
master bedroom is sticky,zone_bedroom,humidity,decrease,moderate,template_train
we're sitting in the bathroom and it's way too cold,zone_bathroom,temperature,increase,strong,template_train
"can you do something about the lounge, it's a bit chilly",zone_living,temperature,increase,mild,template_train
it is warmer than I'd like in the bathroom,zone_bathroom,temperature,decrease,moderate,template_train
slightly breezy in the study room again,zone_office,airflow,decrease,mild,template_train
"please fix the my son's room, it's quite cold",zone_bedroom,temperature,increase,moderate,template_train
freezing in the washroom again,zone_bathroom,temperature,increase,strong,template_train
we're sitting in the hallway and it's a little cold,zone_common,temperature,increase,mild,template_train
"please fix teh game room, it's slightly dry",zone_living,humidity,increase,mild,template_train
it is a little too warm in the drawing hall,zone_living,temperature,decrease,mild,template_train
bedroom is slightly stale,zone_bedroom,airflow,increase,mild,template_train
"can you do something about the dining area, it's way too cold",zone_common,temperature,increase,strong,template_train
we're sitting in the dining room and it's a little cold,zone_common,temperature,increase,mild,template_train
we're sitting in the work room and it's really dry,zone_office,humidity,increase,moderate,template_train
it's been absolutely freezing in the my son's room all day,zone_bedroom,temperature,increase,strong,template_train
the bathroom is swampy,zone_bathroom,humidity,decrease,strong,template_train
absolutely freezing in the lobby again,zone_common,temperature,increase,strong,template_train
it's a touch cold,UNSPECIFIED,temperature,increase,mild,template_train
we're sitting in teh work room and it's a little clammy,zone_office,humidity,decrease,mild,template_train
we're sitting in the sitting room and it's a touch stuffy and warm,zone_living,temperature,decrease,mild,template_train
it's been like a wind tunnel in the kitchen all day,zone_kitchen,airflow,decrease,strong,template_train
guest room is quite hot,zone_bedroom,temperature,decrease,moderate,template_train
it is slightly warm in the hallway,zone_common,temperature,decrease,mild,template_train
its freezing in here,UNSPECIFIED,temperature,increase,strong,template_train
we're sitting in the den and it's a bit humid,zone_living,humidity,decrease,mild,template_train
we're sitting in the master bedroom and it's humid,zone_bedroom,humidity,decrease,moderate,template_train
we're sitting in the sitting room and it's slightly stale,zone_living,airflow,increase,mild,template_train
kitchen is like a wind tunnel,zone_kitchen,airflow,decrease,strong,template_train
a bit chilly in the bedroom again,zone_bedroom,temperature,increase,mild,template_train
it is dripping with humidity in the den,zone_living,humidity,decrease,strong,template_train
mud room is slightly dry,zone_common,humidity,increase,mild,template_train
it is completely airless in the kitchen,zone_kitchen,airflow,increase,strong,template_train
it is realy dry in the lobby,zone_common,humidity,increase,moderate,template_train
bathroom is a touch stuffy and warm,zone_bathroom,temperature,decrease,mild,template_train
it's airless,UNSPECIFIED,airflow,increase,moderate,template_train
it is way too dry in the kitchen,zone_kitchen,humidity,increase,strong,template_train
slightly breezy in the dining room again,zone_common,airflow,decrease,mild,template_train
it is a touch cold in the study room,zone_office,temperature,increase,mild,template_train
we're sitting in the living room and it's really dry,zone_living,humidity,increase,moderate,template_train
it's been dry in the work room all day,zone_office,humidity,increase,moderate,template_train
"can you do something about the hallway, it's slightly warm",zone_common,temperature,decrease,mild,template_train
a bit chilly in the my room again,zone_bedroom,temperature,increase,mild,template_train
like a wind tunnel in the bedroom again,zone_bedroom,airflow,decrease,strong,template_train
"can you do something about the lobby, it's slightly dry",zone_common,humidity,increase,mild,template_train
it is sticky in the kitchen,zone_kitchen,humidity,decrease,moderate,template_train
it's a little too warm in here,UNSPECIFIED,temperature,decrease,mild,template_train
the mud room is too hot,zone_common,temperature,decrease,moderate,template_train
"please fix the den, it's slightly stale",zone_living,airflow,increase,mild,template_train
kitchen is drafty,zone_kitchen,airflow,decrease,moderate,template_train
mud room is really dry,zone_common,humidity,increase,moderate,template_train
a little clammy in the bathroom again,zone_bathroom,humidity,decrease,mild,template_train
not enough air moving in teh guest room again,zone_bedroom,airflow,increase,moderate,template_train
its been completely airless in the bathroom all day,zone_bathroom,airflow,increase,strong,template_train
we're sitting in the front room and it's slightly dry,zone_living,humidity,increase,mild,template_train
we're sitting in the bed room and it's quite cold,zone_bedroom,temperature,increase,moderate,template_train
the bath is too hot,zone_bathroom,temperature,decrease,moderate,template_train
it is absolutely freezing in the sitting room,zone_living,temperature,increase,strong,template_train
"please fix the washroom, it's dry",zone_bathroom,humidity,increase,moderate,template_train
way too hot in the guest room again,zone_bedroom,temperature,decrease,strong,template_train
we're sitting in the front room and it's way too dry,zone_living,humidity,increase,strong,template_train
"can you do something about the bedroom, it's too cold",zone_bedroom,temperature,increase,moderate,template_train
we're sitting in the work room and its a bit humid,zone_office,humidity,decrease,mild,template_train
"can you do something about the study, it's dry",zone_office,humidity,increase,moderate,template_train
its dry in here,UNSPECIFIED,humidity,increase,moderate,template_train
it is really dry in the kitchen,zone_kitchen,humidity,increase,moderate,template_train
"can you do something about the washroom, it's way too dry",zone_bathroom,humidity,increase,strong,template_train
"please fix the study room, it's completely airless",zone_office,airflow,increase,strong,template_train
slightly breezy in the drawing hall again,zone_living,airflow,decrease,mild,template_train
dry in the work room again,zone_office,humidity,increase,moderate,template_train
suffocating in the study room again,zone_office,airflow,increase,strong,template_train
"can you do something about the bathroom, it's boiling",zone_bathroom,temperature,decrease,strong,template_train
we're sitting in the lobby and it's too drafty,zone_common,airflow,decrease,moderate,template_train
the living room is way too cold,zone_living,temperature,increase,strong,template_train
"please fix the drawing hall, it's slightly dry",zone_living,humidity,increase,mild,template_train
getting a little cold,UNSPECIFIED,temperature,increase,mild,template_train
the master bedroom is too stuffy,zone_bedroom,airflow,increase,moderate,template_train
now its too stuffy,UNSPECIFIED,airflow,increase,moderate,template_train
it's been too cold in the drawing hall all day,zone_living,temperature,increase,moderate,template_train
we're sitting in the master bedroom and it's quite cold,zone_bedroom,temperature,increase,moderate,template_train
bath is like an icebox,zone_bathroom,temperature,increase,strong,template_train
honestly it's just completely airless,UNSPECIFIED,airflow,increase,strong,template_train
we're sitting in the hallway and it's a little clammy,zone_common,humidity,decrease,mild,template_train
"can you do something about the mud room, it's a bit humid",zone_common,humidity,decrease,mild,template_train
it's been swampy in the den all day,zone_living,humidity,decrease,strong,template_train
it's been blasting air everywhere in the drawing hall all day,zone_living,airflow,decrease,strong,template_train
really dry in the living room again,zone_living,humidity,increase,moderate,template_train
teh study room is dry,zone_office,humidity,increase,moderate,template_train
it is swampy in the bathroom,zone_bathroom,humidity,decrease,strong,template_train
the kitchen is humid,zone_kitchen,humidity,decrease,moderate,template_train
the kitchen is a little cold,zone_kitchen,temperature,increase,mild,template_train
the washroom is a little cold,zone_bathroom,temperature,increase,mild,template_train
"can you do something about teh work room, it's dry",zone_office,humidity,increase,moderate,template_train
teh bathroom is slightly stale,zone_bathroom,airflow,increase,mild,template_train
slightly dry in the lobby again,zone_common,humidity,increase,mild,template_train
it's been like a wind tunnel in the lounge all day,zone_living,airflow,decrease,strong,template_train
its been windy in the bedroom all day,zone_bedroom,airflow,decrease,moderate,template_train
it's been way too cold in the kitchen all day,zone_kitchen,temperature,increase,strong,template_train
the my room is unbearably muggy,zone_bedroom,humidity,decrease,strong,template_train
the kitchen is unbearably muggy,zone_kitchen,humidity,decrease,strong,template_train
"can you do something about the work room, it's colder than I'd like",zone_office,temperature,increase,moderate,template_train
we're sitting in the living room and it's a touch stuffy and warm,zone_living,temperature,decrease,mild,template_train
we're sitting in the kitchen and it's a bit chilly,zone_kitchen,temperature,increase,mild,template_train
sticky in the living room again,zone_living,humidity,decrease,moderate,template_train
slightly dry in the living room again,zone_living,humidity,increase,mild,template_train
we're sitting in the my son's room and it's absolutely freezing,zone_bedroom,temperature,increase,strong,template_train
we're sitting in the work room and it's freezing,zone_office,temperature,increase,strong,template_train
it is like a wind tunnel in the bath,zone_bathroom,airflow,decrease,strong,template_train
the drawing hall is blasting air everywhere,zone_living,airflow,decrease,strong,template_train
it is airless in the washroom,zone_bathroom,airflow,increase,moderate,template_train
"please fix teh den, it's windy",zone_living,airflow,decrease,moderate,template_train
it is a little cold in the mud room,zone_common,temperature,increase,mild,template_train
"please fix the lobby, it's a little too warm",zone_common,temperature,decrease,mild,template_train
we're sitting in the kitchen and it's slightly breezy,zone_kitchen,airflow,decrease,mild,template_train
we're sitting in the study and it's airless,zone_office,airflow,increase,moderate,template_train
"can you do something about teh bedroom, it's so dry my throat hurts",zone_bedroom,humidity,increase,strong,template_train
dining room is swampy,zone_common,humidity,decrease,strong,template_train
slightly breezy in the dining area again,zone_common,airflow,decrease,mild,template_train
the hallway is a bit chilly,zone_common,temperature,increase,mild,template_train
getting a bit humid,UNSPECIFIED,humidity,decrease,mild,template_train
it's slightly warm,UNSPECIFIED,temperature,decrease,mild,template_train
the kitchen is freezing,zone_kitchen,temperature,increase,strong,template_train
a little too warm in the hallway again,zone_common,temperature,decrease,mild,template_train
"can you do something about the hallway, it's boiling",zone_common,temperature,decrease,strong,template_train
lounge is sweltering,zone_living,temperature,decrease,strong,template_train
now it's quite cold,UNSPECIFIED,temperature,increase,moderate,template_train
getting colder than I'd like,UNSPECIFIED,temperature,increase,moderate,template_train
we're sitting in teh kitchen and it's slightly stale,zone_kitchen,airflow,increase,mild,template_train
"can you do something about the bedroom, it's quite cold",zone_bedroom,temperature,increase,moderate,template_train
it's been sweltering in the sitting room all day,zone_living,temperature,decrease,strong,template_train
we're sitting in the bed room and it's a touch stuffy and warm,zone_bedroom,temperature,decrease,mild,template_train
the master bedroom is not enough air moving,zone_bedroom,airflow,increase,moderate,template_train
slightly dry in the my son's room again,zone_bedroom,humidity,increase,mild,template_train
we're sitting in the dining area and it's swampy,zone_common,humidity,decrease,strong,template_train
the bath is a little too warm,zone_bathroom,temperature,decrease,mild,template_train
work room is a little too warm,zone_office,temperature,decrease,mild,template_train
it's been a touch cold in the kitchen all day,zone_kitchen,temperature,increase,mild,template_train
it's been a touch cold in the lobby all day,zone_common,temperature,increase,mild,template_train
like a wind tunnel in the den again,zone_living,airflow,decrease,strong,template_train
we're sitting in teh guest room and it's dry,zone_bedroom,humidity,increase,moderate,template_train
muggy in the kitchen again,zone_kitchen,humidity,decrease,moderate,template_train
it's been slightly stale in the dining room all day,zone_common,airflow,increase,mild,template_train
kitchn is sticky,zone_kitchen,humidity,decrease,moderate,template_train
it's been absolutely freezing in the study all day,zone_office,temperature,increase,strong,template_train
we're sitting in teh bathroom and it's blasting air everywhere,zone_bathroom,airflow,decrease,strong,template_train
dry in the hallway again,zone_common,humidity,increase,moderate,template_train
honestly its just dry,UNSPECIFIED,humidity,increase,moderate,template_train
it is freezing in the lobby,zone_common,temperature,increase,strong,template_train
"please fix the hallway, it's way too cold",zone_common,temperature,increase,strong,template_train
it is colder than I'd like in the hallway,zone_common,temperature,increase,moderate,template_train
the bedroom is sticky,zone_bedroom,humidity,decrease,moderate,template_train
its been slightly dry in the kitchen all day,zone_kitchen,humidity,increase,mild,template_train
a touch cold in the washroom again,zone_bathroom,temperature,increase,mild,template_train
it's been sticky in the my son's room all day,zone_bedroom,humidity,decrease,moderate,template_train
we're sitting in the dining area and it's unbearably hot,zone_common,temperature,decrease,strong,template_train
lobby is completely airless,zone_common,airflow,increase,strong,template_train
honestly it's just blasting air everywhere,UNSPECIFIED,airflow,decrease,strong,template_train
it is not enough air moving in the bed room,zone_bedroom,airflow,increase,moderate,template_train
the living room is quite cold,zone_living,temperature,increase,moderate,template_train
getting sticky,UNSPECIFIED,humidity,decrease,moderate,template_train
dry in the dining area again,zone_common,humidity,increase,moderate,template_train
slightly stale in the lobby again,zone_common,airflow,increase,mild,template_train
a little clammy in the bedroom again,zone_bedroom,humidity,decrease,mild,template_train
quite hot in the mud room again,zone_common,temperature,decrease,moderate,template_train
"please fix the mud room, it's absolutely freezing",zone_common,temperature,increase,strong,template_train
"can you do something about the kitchen, it's colder than I'd like",zone_kitchen,temperature,increase,moderate,template_train
"can you do something about the work room, it's airless",zone_office,airflow,increase,moderate,template_train
kitchen is slightly dry,zone_kitchen,humidity,increase,mild,template_train
we're sitting in the kitchen and it's warmer than I'd like,zone_kitchen,temperature,decrease,moderate,template_train
drafty in the study again,zone_office,airflow,decrease,moderate,template_train
it is warmer than I'd like in teh bathroom,zone_bathroom,temperature,decrease,moderate,template_train
"can you do something about teh bath, it's a little cold",zone_bathroom,temperature,increase,mild,template_train
"can you do something about the bath, it's a bit humid",zone_bathroom,humidity,decrease,mild,template_train
the game room is a little too warm,zone_living,temperature,decrease,mild,template_train
we're sitting in the washroom and it's quite cold,zone_bathroom,temperature,increase,moderate,template_train
the game room is slightly stale,zone_living,airflow,increase,mild,template_train
work room is slightly dry,zone_office,humidity,increase,mild,template_train
kitchn is a bit humid,zone_kitchen,humidity,decrease,mild,template_train
it is a bit humid in the guest room,zone_bedroom,humidity,decrease,mild,template_train
"please fix the lobby, it's way too cold",zone_common,temperature,increase,strong,template_train
"can you do something about teh dining room, it's so dry my throat hurts",zone_common,humidity,increase,strong,template_train
a bit humid in the dining area again,zone_common,humidity,decrease,mild,template_train
it's been a bit chilly in the bedroom all day,zone_bedroom,temperature,increase,mild,template_train
lobby is boiling,zone_common,temperature,decrease,strong,template_train
we're sitting in the bathroom and it's way too dry,zone_bathroom,humidity,increase,strong,template_train
it is way too dry in the lobby,zone_common,humidity,increase,strong,template_train
"can you do something about the den, it's slightly stale",zone_living,airflow,increase,mild,template_train
"please fix the living room, its too cold",zone_living,temperature,increase,moderate,template_train
it's a touch stuffy and warm in here,UNSPECIFIED,temperature,decrease,mild,template_train
"can you do something about the living room, it's too stuffy",zone_living,airflow,increase,moderate,template_train
"please fix teh study room, it's slightly breezy",zone_office,airflow,decrease,mild,template_train
kitchn is suffocating,zone_kitchen,airflow,increase,strong,template_train
slightly breezy in the lounge again,zone_living,airflow,decrease,mild,template_train
bedrom is like a wind tunnel,zone_bedroom,airflow,decrease,strong,template_train
it is windy in the den,zone_living,airflow,decrease,moderate,template_train
it's a little too warm again in here,UNSPECIFIED,temperature,decrease,mild,template_train
guest room is warmer than I'd like,zone_bedroom,temperature,decrease,moderate,template_train
"can you do something about the kitchen, it's a bit humid",zone_kitchen,humidity,decrease,mild,template_train
it's been slightly breezy in the washroom all day,zone_bathroom,airflow,decrease,mild,template_train
the work room is sweltering,zone_office,temperature,decrease,strong,template_train
"can you do something about the washroom, it's windy",zone_bathroom,airflow,decrease,moderate,template_train
it is boiling in the mud room,zone_common,temperature,decrease,strong,template_train
we're sitting in the lobby and it's slightly stale,zone_common,airflow,increase,mild,template_train
the dining area is humid,zone_common,humidity,decrease,moderate,template_train
it's been swampy in the study all day,zone_office,humidity,decrease,strong,template_train
"please fix the dining area, it's a bit humid",zone_common,humidity,decrease,mild,template_train
it is slightly breezy in the kitchen,zone_kitchen,airflow,decrease,mild,template_train
now it's so dry my throat hurts,UNSPECIFIED,humidity,increase,strong,template_train
a little clammy in the my room again,zone_bedroom,humidity,decrease,mild,template_train
"can you do something about the sitting room, it's a touch stuffy and warm",zone_living,temperature,decrease,mild,template_train
the work room is completely airless,zone_office,airflow,increase,strong,template_train
"please fix the lobby, it's too stuffy",zone_common,airflow,increase,moderate,template_train
it is colder than I'd like in the dining room,zone_common,temperature,increase,moderate,template_train
it is airless in the study room,zone_office,airflow,increase,moderate,template_train
the bathroom is quite cold,zone_bathroom,temperature,increase,moderate,template_train
its been airless in the mud room all day,zone_common,airflow,increase,moderate,template_train
it is quite hot in the kitchen,zone_kitchen,temperature,decrease,moderate,template_train
guest room is way too cold,zone_bedroom,temperature,increase,strong,template_train
it is like a wind tunnel in the washroom,zone_bathroom,airflow,decrease,strong,template_train
it's absolutely freezing,UNSPECIFIED,temperature,increase,strong,template_train
"please fix the bathroom, it's quite hot",zone_bathroom,temperature,decrease,moderate,template_train
we're sitting in the master bedroom and it's a touch cold,zone_bedroom,temperature,increase,mild,template_train
"please fix the bed room, it's slightly stale",zone_bedroom,airflow,increase,mild,template_train
bedroom is too cold,zone_bedroom,temperature,increase,moderate,template_train
we're sitting in the guest room and it's unbearably hot,zone_bedroom,temperature,decrease,strong,template_train
my son's room is slightly stale,zone_bedroom,airflow,increase,mild,template_train
"please fix the front room, it's a bit humid",zone_living,humidity,decrease,mild,template_train
we're sitting in the kitchen and it's colder than I'd like,zone_kitchen,temperature,increase,moderate,template_train
colder than I'd like in the front room again,zone_living,temperature,increase,moderate,template_train
"please fix the hallway, it's a little cold",zone_common,temperature,increase,mild,template_train
it's been dripping with humidity in the drawing hall all day,zone_living,humidity,decrease,strong,template_train
it is way too hot in the study,zone_office,temperature,decrease,strong,template_train
we're sitting in the guest room and it's like a wind tunnel,zone_bedroom,airflow,decrease,strong,template_train
"please fix teh kitchen, it's too drafty",zone_kitchen,airflow,decrease,moderate,template_train
lounge is so dry my throat hurts,zone_living,humidity,increase,strong,template_train
"please fix the kitchen, it's drafty",zone_kitchen,airflow,decrease,moderate,template_train
mud room is slightly breezy,zone_common,airflow,decrease,mild,template_train
we're sitting in the hallway and it's slightly stale,zone_common,airflow,increase,mild,template_train
not enough air moving in the study again,zone_office,airflow,increase,moderate,template_train
my room is dry,zone_bedroom,humidity,increase,moderate,template_train
its been a little too warm in the dining area all day,zone_common,temperature,decrease,mild,template_train
still sticky,UNSPECIFIED,humidity,decrease,moderate,template_train
"please fix the lobby, it's not enough air moving",zone_common,airflow,increase,moderate,template_train
kitchen is a bit chilly,zone_kitchen,temperature,increase,mild,template_train
too cold in the dining area again,zone_common,temperature,increase,moderate,template_train
we're sitting in the work room and it's too cold,zone_office,temperature,increase,moderate,template_train
we're sitting in the sitting room and it's swampy,zone_living,humidity,decrease,strong,template_train
dining room is quite cold,zone_common,temperature,increase,moderate,template_train
"please fix the dining room, it's too cold",zone_common,temperature,increase,moderate,template_train
it is absolutely freezing in the lobby,zone_common,temperature,increase,strong,template_train
we're sitting in the bedroom and it's way too dry,zone_bedroom,humidity,increase,strong,template_train
"can you do something about the kitchen, it's swampy",zone_kitchen,humidity,decrease,strong,template_train
we're sitting in the my room and it's so dry my throat hurts,zone_bedroom,humidity,increase,strong,template_train
the study room is really dry,zone_office,humidity,increase,moderate,template_train
windy in the bath again,zone_bathroom,airflow,decrease,moderate,template_train
it's been blasting air everywhere in the kitchen all day,zone_kitchen,airflow,decrease,strong,template_train
"please fix the washroom, it's a little too warm",zone_bathroom,temperature,decrease,mild,template_train
it is a bit chilly in the bathroom,zone_bathroom,temperature,increase,mild,template_train
we're sitting in the guest room and it's dry,zone_bedroom,humidity,increase,moderate,template_train
the study is a bit humid,zone_office,humidity,decrease,mild,template_train
we're sitting in the bath and it's too stuffy,zone_bathroom,airflow,increase,moderate,template_train
it is slightly warm in the kitchen,zone_kitchen,temperature,decrease,mild,template_train
it is not enough air moving in the study room,zone_office,airflow,increase,moderate,template_train
"please fix teh study, it's so dry my throat hurts",zone_office,humidity,increase,strong,template_train
it's been blasting air everywhere in the lobby all day,zone_common,airflow,decrease,strong,template_train
unbearably muggy in the drawing hall again,zone_living,humidity,decrease,strong,template_train
we're sitting in the washroom and it's slightly warm,zone_bathroom,temperature,decrease,mild,template_train
quite cold in the master bedroom again,zone_bedroom,temperature,increase,moderate,template_train
we're sitting in the work room and it's a little cold,zone_office,temperature,increase,mild,template_train
it is a touch cold in the washroom,zone_bathroom,temperature,increase,mild,template_train
we're sitting in the my room and it's quite cold,zone_bedroom,temperature,increase,moderate,template_train
"can you do something about teh kitchen, it's not enough air moving",zone_kitchen,airflow,increase,moderate,template_train
a touch stuffy and warm in the work room again,zone_office,temperature,decrease,mild,template_train
"can you do something about the my son's room, it's swampy",zone_bedroom,humidity,decrease,strong,template_train
now it's boiling,UNSPECIFIED,temperature,decrease,strong,template_train
"can you do something about the mud room, it's quite hot",zone_common,temperature,decrease,moderate,template_train
the bath is blasting air everywhere,zone_bathroom,airflow,decrease,strong,template_train
it's been slightly stale in the washroom all day,zone_bathroom,airflow,increase,mild,template_train
it's been muggy in the study all day,zone_office,humidity,decrease,moderate,template_train
it is completely airless in the den,zone_living,airflow,increase,strong,template_train
slightly warm in the den again,zone_living,temperature,decrease,mild,template_train
bath is dry,zone_bathroom,humidity,increase,moderate,template_train
washroom is a touch cold,zone_bathroom,temperature,increase,mild,template_train
it is too hot in the game room,zone_living,temperature,decrease,moderate,template_train
we're sitting in the bedroom and it's blasting air everywhere,zone_bedroom,airflow,decrease,strong,template_train
it's been warmer than I'd like in the work room all day,zone_office,temperature,decrease,moderate,template_train
we're sitting in the hallway and it's slightly breezy,zone_common,airflow,decrease,mild,template_train
a bit chilly in the kitchen again,zone_kitchen,temperature,increase,mild,template_train
the bath is a touch cold,zone_bathroom,temperature,increase,mild,template_train
it is quite hot in the my room,zone_bedroom,temperature,decrease,moderate,template_train
a little clammy in the bath again,zone_bathroom,humidity,decrease,mild,template_train
we're sitting in the bath and it's blasting air everywhere,zone_bathroom,airflow,decrease,strong,template_train
it's been dry in the washroom all day,zone_bathroom,humidity,increase,moderate,template_train
slightly breezy in the study again,zone_office,airflow,decrease,mild,template_train
we're sitting in the lobby and it's too cold,zone_common,temperature,increase,moderate,template_train
the living room is warmer than I'd like,zone_living,temperature,decrease,moderate,template_train
"can you do something about the kitchen, it's dry",zone_kitchen,humidity,increase,moderate,template_train
"please fix the washroom, it's way too hot",zone_bathroom,temperature,decrease,strong,template_train
we're sitting in the work room and it's sticky,zone_office,humidity,decrease,moderate,template_train
it is slightly stale in the lobby,zone_common,airflow,increase,mild,template_train
"please fix the dining room, it's quite cold",zone_common,temperature,increase,moderate,template_train
now its warmer than I'd like,UNSPECIFIED,temperature,decrease,moderate,template_train
suffocating in the bath again,zone_bathroom,airflow,increase,strong,template_train
it is way too cold in the lobby,zone_common,temperature,increase,strong,template_train
"can you do something about the sitting room, it's a bit chilly",zone_living,temperature,increase,mild,template_train
it's been unbearably hot in the kitchen all day,zone_kitchen,temperature,decrease,strong,template_train
it's been a bit humid in the bathroom all day,zone_bathroom,humidity,decrease,mild,template_train
front room is really dry,zone_living,humidity,increase,moderate,template_train
humid in teh study room again,zone_office,humidity,decrease,moderate,template_train
mud room is way too dry,zone_common,humidity,increase,strong,template_train
"please fix the study room, it's way too hot",zone_office,temperature,decrease,strong,template_train
it is boiling in the kitchen,zone_kitchen,temperature,decrease,strong,template_train
it's been blasting air everywhere in the study all day,zone_office,airflow,decrease,strong,template_train
study room is a little clammy,zone_office,humidity,decrease,mild,template_train
so dry my throat hurts in the study room again,zone_office,humidity,increase,strong,template_train
kitchen is slightly stale,zone_kitchen,airflow,increase,mild,template_train
"can you do something about the dining area, it's too stuffy",zone_common,airflow,increase,moderate,template_train
study room is slightly stale,zone_office,airflow,increase,mild,template_train
"can you do something about the study, it's a touch stuffy and warm",zone_office,temperature,decrease,mild,template_train
we're sitting in the hallway and it's absolutely freezing,zone_common,temperature,increase,strong,template_train
it is way too dry in the lounge,zone_living,humidity,increase,strong,template_train
the study room is dripping with humidity,zone_office,humidity,decrease,strong,template_train
we're sitting in the bath and it's too hot,zone_bathroom,temperature,decrease,moderate,template_train
the bath is too drafty,zone_bathroom,airflow,decrease,moderate,template_train
humid in the drawing hall again,zone_living,humidity,decrease,moderate,template_train
its a little clammy in here,UNSPECIFIED,humidity,decrease,mild,template_train
it's been a bit humid in the bedroom all day,zone_bedroom,humidity,decrease,mild,template_train
"please fix teh work room, it's completely airless",zone_office,airflow,increase,strong,template_train
"can you do something about the dining room, it's a touch stuffy and warm",zone_common,temperature,decrease,mild,template_train
its not enough air moving in here,UNSPECIFIED,airflow,increase,moderate,template_train
"can you do something about the work room, it's way too cold",zone_office,temperature,increase,strong,template_train
it's been freezing in the living room all day,zone_living,temperature,increase,strong,template_train
work room is a bit chilly,zone_office,temperature,increase,mild,template_train
study room is a touch cold,zone_office,temperature,increase,mild,template_train
it's been suffocating in the living room all day,zone_living,airflow,increase,strong,template_train
it's been really dry in the sitting room all day,zone_living,humidity,increase,moderate,template_train
"please fix the bathroom, it's sticky",zone_bathroom,humidity,decrease,moderate,template_train
slightly stale in the bedroom again,zone_bedroom,airflow,increase,mild,template_train
the lobby is slightly dry,zone_common,humidity,increase,mild,template_train
the my son's room is swampy,zone_bedroom,humidity,decrease,strong,template_train
game room is slightly breezy,zone_living,airflow,decrease,mild,template_train
teh work room is boiling,zone_office,temperature,decrease,strong,template_train
the bed room is slightly dry,zone_bedroom,humidity,increase,mild,template_train
the bedroom is slightly breezy,zone_bedroom,airflow,decrease,mild,template_train
still a bit chilly,UNSPECIFIED,temperature,increase,mild,template_train
it's way too cold again in here,UNSPECIFIED,temperature,increase,strong,template_train
so dry my throat hurts in the my room again,zone_bedroom,humidity,increase,strong,template_train
hallway is slightly stale,zone_common,airflow,increase,mild,template_train
"please fix the lobby, its a little too warm",zone_common,temperature,decrease,mild,template_train
it's humid in here,UNSPECIFIED,humidity,decrease,moderate,template_train
"please fix the study room, it's a touch stuffy and warm",zone_office,temperature,decrease,mild,template_train
"can you do something about the work room, it's so dry my throat hurts",zone_office,humidity,increase,strong,template_train
"can you do something about the kitchen, it's boiling",zone_kitchen,temperature,decrease,strong,template_train
work room is so dry my throat hurts,zone_office,humidity,increase,strong,template_train
we're sitting in the bathroom and it's slightly dry,zone_bathroom,humidity,increase,mild,template_train
den is a bit chilly,zone_living,temperature,increase,mild,template_train
too stuffy in the study again,zone_office,airflow,increase,moderate,template_train
it's been suffocating in the kitchen all day,zone_kitchen,airflow,increase,strong,template_train
the lobby is absolutely freezing,zone_common,temperature,increase,strong,template_train
a touch cold in the bedroom again,zone_bedroom,temperature,increase,mild,template_train
bedrom is dry,zone_bedroom,humidity,increase,moderate,template_train
it is slightly breezy in the my room,zone_bedroom,airflow,decrease,mild,template_train
"please fix the study room, it's like a wind tunnel",zone_office,airflow,decrease,strong,template_train
the bath is completely airless,zone_bathroom,airflow,increase,strong,template_train
"can you do something about the kitchen, its muggy",zone_kitchen,humidity,decrease,moderate,template_train
"please fix the game room, it's windy",zone_living,airflow,decrease,moderate,template_train
"please fix the sitting room, it's dripping with humidity",zone_living,humidity,decrease,strong,template_train
a little clammy in the mud room again,zone_common,humidity,decrease,mild,template_train
"can you do something about the washroom, it's dry",zone_bathroom,humidity,increase,moderate,template_train
study room is windy,zone_office,airflow,decrease,moderate,template_train
we're sitting in the my room and its slightly breezy,zone_bedroom,airflow,decrease,mild,template_train
it is quite hot in the bathroom,zone_bathroom,temperature,decrease,moderate,template_train
it's been boiling in the mud room all day,zone_common,temperature,decrease,strong,template_train
it's been like a wind tunnel in the washroom all day,zone_bathroom,airflow,decrease,strong,template_train
the dining room is unbearably hot,zone_common,temperature,decrease,strong,template_train
we're sitting in the hallway and it's a little too warm,zone_common,temperature,decrease,mild,template_train
"please fix the kitchen, it's a little cold",zone_kitchen,temperature,increase,mild,template_train
it is sticky in the study room,zone_office,humidity,decrease,moderate,template_train
work room is a little cold,zone_office,temperature,increase,mild,template_train
it is way too dry in the washroom,zone_bathroom,humidity,increase,strong,template_train
we're sitting in the mud room and it's slightly dry,zone_common,humidity,increase,mild,template_train
its been quite cold in the bed room all day,zone_bedroom,temperature,increase,moderate,template_train
we're sitting in the living room and it's absolutely freezing,zone_living,temperature,increase,strong,template_train
it's been sticky in the work room all day,zone_office,humidity,decrease,moderate,template_train
it's been sticky in the bed room all day,zone_bedroom,humidity,decrease,moderate,template_train
it's been completely airless in the dining area all day,zone_common,airflow,increase,strong,template_train
slightly stale in the study again,zone_office,airflow,increase,mild,template_train
it is way too hot in the hallway,zone_common,temperature,decrease,strong,template_train
living room is slightly stale,zone_living,airflow,increase,mild,template_train
we're sitting in the kitchen and it's not enough air moving,zone_kitchen,airflow,increase,moderate,template_train
it's been slightly dry in the study room all day,zone_office,humidity,increase,mild,template_train
we're sitting in the washroom and it's windy,zone_bathroom,airflow,decrease,moderate,template_train
"please fix the bedroom, its completely airless",zone_bedroom,airflow,increase,strong,template_train
drafty in the lobby again,zone_common,airflow,decrease,moderate,template_train
now it's absolutely freezing,UNSPECIFIED,temperature,increase,strong,template_train
it's been too drafty in the bath all day,zone_bathroom,airflow,decrease,moderate,template_train
the work room is dry,zone_office,humidity,increase,moderate,template_train
we're sitting in the dining area and it's too drafty,zone_common,airflow,decrease,moderate,template_train
we're sitting in the kitchn and it's a bit chilly,zone_kitchen,temperature,increase,mild,template_train
the drawing hall is unbearably muggy,zone_living,humidity,decrease,strong,template_train
we're sitting in the study room and it's too cold,zone_office,temperature,increase,moderate,template_train
work room is too stuffy,zone_office,airflow,increase,moderate,template_train
way too hot in the my son's room again,zone_bedroom,temperature,decrease,strong,template_train
living room is way too hot,zone_living,temperature,decrease,strong,template_train
really dry in the my son's room again,zone_bedroom,humidity,increase,moderate,template_train
dripping with humidity in the my son's room again,zone_bedroom,humidity,decrease,strong,template_train
"please fix the den, it's too stuffy",zone_living,airflow,increase,moderate,template_train
freezing in the kitchen again,zone_kitchen,temperature,increase,strong,template_train
the dining room is too hot,zone_common,temperature,decrease,moderate,template_train
"please fix the study room, it's drafty",zone_office,airflow,decrease,moderate,template_train
it is a bit humid in the dining area,zone_common,humidity,decrease,mild,template_train
"can you do something about the bathroom, it's like a wind tunnel",zone_bathroom,airflow,decrease,strong,template_train
"can you do something about the my room, it's drafty",zone_bedroom,airflow,decrease,moderate,template_train
we're sitting in the bathroom and it's way too hot,zone_bathroom,temperature,decrease,strong,template_train
"can you do something about the lounge, it's slightly dry",zone_living,humidity,increase,mild,template_train
it's been completely airless in the kitchen all day,zone_kitchen,airflow,increase,strong,template_train
it's been like an icebox in the study room all day,zone_office,temperature,increase,strong,template_train
bathroom is colder than I'd like,zone_bathroom,temperature,increase,moderate,template_train
it is a little too warm in the washroom,zone_bathroom,temperature,decrease,mild,template_train
dripping with humidity in the kitchen again,zone_kitchen,humidity,decrease,strong,template_train
it's slightly warm again in here,UNSPECIFIED,temperature,decrease,mild,template_train
we're sitting in the kitchen and it's way too hot,zone_kitchen,temperature,decrease,strong,template_train
it is so dry my throat hurts in the washroom,zone_bathroom,humidity,increase,strong,template_train
we're sitting in the bathroom and it's too hot,zone_bathroom,temperature,decrease,moderate,template_train
it is a bit humid in the dining room,zone_common,humidity,decrease,mild,template_train
"can you do something about the bedroom, it's so dry my throat hurts",zone_bedroom,humidity,increase,strong,template_train
